Signatur,Sortierung,Spider,Test,Parameter,Bedeutung,Format,URL (manuell),Bezeichnung der URL (nur intern),Stufe 2 de,Stufe 2 fr,Stufe 2 it,Stufe 3 de,Stufe 3 fr,Stufe 3 it,Matching,GN-Match,Bemerkung DE,Bemerkung FR,Bemerkung IT,interne Bemerkung,Gesetzliche Grundlage,Aktivität
CH_BGer_001,1,CH_BGer,,ab,Entscheiddatum,TT.MM.JJJJ,https://www.bger.ch/ext/eurospider/live/de/php/clir/http/index_atf.php,Bundesgericht,Bundesgericht,Tribunal fédéral,Tribunale federale,I. Öffentlich-rechtliche Abteilung,Ire Cour de droit public,I Corte di diritto pubblico,I. Öffentlich-rechtliche Abteilung|Ire Cour de droit public|I Corte di diritto pubblico,1#1B|1#1C|1#1D|1#1E|1#1F|1#1G|1#1X|1#1Y,seit 2000,depuis 2000,dal 2000,,BUND 173.110.131,
CH_BGer_002,2,CH_BGer,,ab,Entscheiddatum,TT.MM.JJJJ,https://www.bger.ch/ext/eurospider/live/de/php/clir/http/index_atf.php,Bundesgericht,Bundesgericht,Tribunal fédéral,Tribunale federale,II. Offentlich-rechtliche Abteilung,IIe Cour de droit public,II Corte di diritto pubblico,II. Offentlich-rechtliche Abteilung|IIe Cour de droit public|II Corte di diritto pubblico,1#2B|1#2C|1#2D|1#2E|1#2F|1#2G|1#2X|1#2Y,seit 2000,depuis 2000,dal 2000,,BUND 173.110.131,
CH_BGer_004,4,CH_BGer,,ab,Entscheiddatum,TT.MM.JJJJ,https://www.bger.ch/ext/eurospider/live/de/php/clir/http/index_atf.php,Bundesgericht,Bundesgericht,Tribunal fédéral,Tribunale federale,I. Zivilrechtliche Abteilung,Ire Cour de droit civil,I Corte di diritto civile,I. Zivilrechtliche Abteilung|Ire Cour de droit civil|I Corte di diritto civile,1#4A|1#4D|1#4E|1#4F|1#4G|1#4X|1#4Y,seit 2000,depuis 2000,dal 2000,,BUND 173.110.131,
CH_BGer_005,5,CH_BGer,,ab,Entscheiddatum,TT.MM.JJJJ,https://www.bger.ch/ext/eurospider/live/de/php/clir/http/index_atf.php,Bundesgericht,Bundesgericht,Tribunal fédéral,Tribunale federale,II. Zivilrechtliche Abteilung,IIe Cour de droit civil,II Corte di diritto civile,II. Zivilrechtliche Abteilung|IIe Cour de droit civil|II Corte di diritto civile,1#5A|1#5D|1#5E|1#5F|1#5G|1#5X|1#5Y,seit 2000,depuis 2000,dal 2000,,BUND 173.110.131,
CH_BGer_006,6,CH_BGer,,ab,Entscheiddatum,TT.MM.JJJJ,https://www.bger.ch/ext/eurospider/live/de/php/clir/http/index_atf.php,Bundesgericht,Bundesgericht,Tribunal fédéral,Tribunale federale,I. Strafrechtliche Abteilung,Ire Cour de droit pénal,I Corte di diritto penale,I. Strafrechtliche Abteilung|Ire Cour de droit pénal|I Corte di diritto penale|Strafrechtliche Abteilung|Cour de droit pénal|Corte di diritto penale,1#6B|1#6D|1#6E|1#6F|1#6G|1#6S|1#6P|1#6X|1#6Y,seit 2000,depuis 2000,dal 2000,,BUND 173.110.131,
CH_BGer_007,7,CH_BGer,,ab,Entscheiddatum,TT.MM.JJJJ,https://www.bger.ch/ext/eurospider/live/de/php/clir/http/index_atf.php,Bundesgericht,Bundesgericht,Tribunal fédéral,Tribunale federale,II. Strafrechtliche Abteilung,IIe Cour de droit pénal,II Corte di diritto penale,II. Strafrechtliche Abteilung|IIe Cour de droit pénal|II Corte di diritto penale,1#7B|1#7D|1#7E|1#7F|1#7G|1#7X|1#7Y,seit 2000,depuis 2000,dal 2000,,BUND 173.110.131,
CH_BGer_008,8,CH_BGer,,ab,Entscheiddatum,TT.MM.JJJJ,https://www.bger.ch/ext/eurospider/live/de/php/clir/http/index_atf.php,Bundesgericht,Bundesgericht,Tribunal fédéral,Tribunale federale,III. Öffentlich-rechtliche Abteilung (I. Sozialrechtliche Abteilung),IIIe Cour de droit public (Ire Cour de droit social),III Corte di diritto pubblico (I Corte di diritto sociale),III. Öffentlich-rechtliche Abteilung|I. Sozialrechtliche Abteilung|IIIe Cour de droit public|Ire Cour de droit social|III Corte di diritto pubblico|I Corte di diritto sociale,1#8C|1#8D|1#8E|1#8F|1#8G|1#8X|1#8Y,seit 2000,depuis 2000,dal 2000,,BUND 173.110.131,
CH_BGer_009,9,CH_BGer,,ab,Entscheiddatum,TT.MM.JJJJ,https://www.bger.ch/ext/eurospider/live/de/php/clir/http/index_atf.php,Bundesgericht,Bundesgericht,Tribunal fédéral,Tribunale federale,IV. Öffentlich-rechtliche Abteilung (II. Sozialrechtliche Abteilung),IVe Cour de droit public (IIe Cour de droit social),IV Corte di diritto pubblico (II Corte di diritto sociale),IV. Öffentlich-rechtliche Abteilung|II. Sozialrechtliche Abteilung|IVe Cour de droit public|IIe Cour de droit social|IV Corte di diritto pubblico|II Corte di diritto sociale,1#9C|1#9D|1#9E|1#9F|1#9G|1#9X|1#9Y,seit 2000,depuis 2000,dal 2000,,BUND 173.110.131,
CH_BGer_010,10,CH_BGer,,ab,Entscheiddatum,TT.MM.JJJJ,https://www.bger.ch/ext/eurospider/live/de/php/clir/http/index_atf.php,Bundesgericht,Bundesgericht,Tribunal fédéral,Tribunale federale,Schuldbetreibungs- und Konkurskammer (bis 2006),Chambre des poursuites et des faillites (jusqu'en 2006),Camera delle esecuzioni e dei fallimenti (fino a 2006),Schuldbetreibungs- und Konkurskammer|Chambre des poursuites et des faillites|Camera delle esecuzioni e dei fallimenti,,,,,,,
CH_BGer_011,11,CH_BGer,,ab,Entscheiddatum,TT.MM.JJJJ,https://www.bger.ch/ext/eurospider/live/de/php/clir/http/index_atf.php,Bundesgericht,Bundesgericht,Tribunal fédéral,Tribunale federale,Rekurskommission,Commission de recours,Commissione di ricorso,Rekurskommission|Commission de recours|Commissione di ricorso,1#13Y,,,,,,
CH_BGer_012,12,CH_BGer,,ab,Entscheiddatum,TT.MM.JJJJ,https://www.bger.ch/ext/eurospider/live/de/php/clir/http/index_atf.php,Bundesgericht,Bundesgericht,Tribunal fédéral,Tribunale federale,Anklagekammer (bis 2004)      ,Chambre d'accusation (jusqu'en 2004),Camera d'accusa (fino a 2004),Anklagekammer|Chambre d'accusation|Camera d'accusa,,,,,,,
CH_BGer_013,13,CH_BGer,,ab,Entscheiddatum,TT.MM.JJJJ,https://www.bger.ch/ext/eurospider/live/de/php/clir/http/index_atf.php,Bundesgericht,Bundesgericht,Tribunal fédéral,Tribunale federale,Bundesstrafgericht (bis 2004),Cour pénale fédérale (jusqu'en 2004),Corte penale federale (fino a 2004),Bundesstrafgericht|Cour pénale fédérale|Corte penale federale,,,,,,,
CH_BGer_014,14,CH_BGer,,ab,Entscheiddatum,TT.MM.JJJJ,https://www.bger.ch/ext/eurospider/live/de/php/clir/http/index_atf.php,Bundesgericht,Bundesgericht,Tribunal fédéral,Tribunale federale,Ausserordentlicher Kassationhof (bis 2004),Cour de cassation extraordinaire (jusqu'en 2004),Corte di cassazione estraordinaria (fino a 2004),Ausserordentlicher Kassationhof|Cour de cassation extraordinaire|Corte di cassazione estraordinaria,,,,,,,
CH_BGer_015,15,CH_BGer,,ab,Entscheiddatum,TT.MM.JJJJ,https://www.bger.ch/ext/eurospider/live/de/php/clir/http/index_atf.php,Bundesgericht,Bundesgericht,Tribunal fédéral,Tribunale federale,Verwaltungskommission,Commission administrative,Commissione amministrativa,Verwaltungskommission|Commission administrative|Commissione amministrativa,1#12T,,,,,,
CH_BGer_016,16,CH_BGer,,ab,Entscheiddatum,TT.MM.JJJJ,https://www.bger.ch/ext/eurospider/live/de/php/clir/http/index_atf.php,Bundesgericht,Bundesgericht,Tribunal fédéral,Tribunale federale,Eidgenössisches Versicherungsgericht,Tribunal fédéral des assurances,Tribunale federale delle assicurazioni,Eidgenössisches Versicherungsgericht|Tribunal fédéral des assurances|Tribunale federale delle assicurazioni,,,,,,,
CH_BGer_999,17,CH_BGer,,ab,Entscheiddatum,TT.MM.JJJJ,https://www.bger.ch/ext/eurospider/live/de/php/clir/http/index_atf.php,Bundesgericht,Bundesgericht,Tribunal fédéral,Tribunale federale,sonstiges,autres,diversi,,,,,,,BUND 173.110.131,
CH_BGE_001,20,CH_BGE,,ab,Publikationsjahr,JJJJ,https://www.bger.ch/ext/eurospider/live/de/php/clir/http/index_atf.php,Bundesgericht,Bundesgericht (BGE),Tribunal fédéral (ATF),Tribunale federale (DTF),Band I,Volume I,Volume Ia,,3#I,Leitentscheide,Arrêts principaux,Decisioni principali,,BUND 173.110.131,
CH_BGE_002,21,CH_BGE,,ab,Publikationsjahr,JJJJ,https://www.bger.ch/ext/eurospider/live/de/php/clir/http/index_atf.php,Bundesgericht,Bundesgericht (BGE),Tribunal fédéral (ATF),Tribunale federale (DTF),Band Ia,Volume Ia,Volume Ia,,3#Ia,Leitentscheide,Arrêts principaux,Decisioni principali,,BUND 173.110.131,
CH_BGE_003,22,CH_BGE,,ab,Publikationsjahr,JJJJ,https://www.bger.ch/ext/eurospider/live/de/php/clir/http/index_atf.php,Bundesgericht,Bundesgericht (BGE),Tribunal fédéral (ATF),Tribunale federale (DTF),Band Ib,Volume Ib,Volume Ib,,3#Ib,Leitentscheide,Arrêts principaux,Decisioni principali,,BUND 173.110.131,
CH_BGE_004,23,CH_BGE,,ab,Publikationsjahr,JJJJ,https://www.bger.ch/ext/eurospider/live/de/php/clir/http/index_atf.php,Bundesgericht,Bundesgericht (BGE),Tribunal fédéral (ATF),Tribunale federale (DTF),Band II,Volume II,Volume II,,3#II,Leitentscheide,Arrêts principaux,Decisioni principali,,BUND 173.110.131,
CH_BGE_005,24,CH_BGE,,ab,Publikationsjahr,JJJJ,https://www.bger.ch/ext/eurospider/live/de/php/clir/http/index_atf.php,Bundesgericht,Bundesgericht (BGE),Tribunal fédéral (ATF),Tribunale federale (DTF),Band III,Volume III,Volume III,,3#III,Leitentscheide,Arrêts principaux,Decisioni principali,,BUND 173.110.131,
CH_BGE_006,25,CH_BGE,,ab,Publikationsjahr,JJJJ,https://www.bger.ch/ext/eurospider/live/de/php/clir/http/index_atf.php,Bundesgericht,Bundesgericht (BGE),Tribunal fédéral (ATF),Tribunale federale (DTF),Band IV,Volume IV,Volume IV,,3#IV,Leitentscheide,Arrêts principaux,Decisioni principali,,BUND 173.110.131,
CH_BGE_007,26,CH_BGE,,ab,Publikationsjahr,JJJJ,https://www.bger.ch/ext/eurospider/live/de/php/clir/http/index_atf.php,Bundesgericht,Bundesgericht (BGE),Tribunal fédéral (ATF),Tribunale federale (DTF),Band V,Volume V,Volume V,,3#V,Leitentscheide,Arrêts principaux,Decisioni principali,,BUND 173.110.131,
CH_BGE_008,27,CH_BGE,,ab,Publikationsjahr,JJJJ,https://www.bger.ch/ext/eurospider/live/de/php/clir/http/index_atf.php,Bundesgericht,Bundesgericht (BGE),Tribunal fédéral (ATF),Tribunale federale (DTF),Band VI,Volume VI,Volume VI,,3#VI,Leitentscheide,Arrêts principaux,Decisioni principali,,BUND 173.110.131,
CH_BGE_009,28,CH_BGE,,ab,Publikationsjahr,JJJJ,https://www.bger.ch/ext/eurospider/live/de/php/clir/http/index_atf.php,Bundesgericht,Bundesgericht (BGE),Tribunal fédéral (ATF),Tribunale federale (DTF),Band VII,Volume VII,Volume VII,,3#VII,Leitentscheide,Arrêts principaux,Decisioni principali,,BUND 173.110.131,
CH_BGE_010,29,CH_BGE,,ab,Publikationsjahr,JJJJ,https://www.bger.ch/ext/eurospider/live/de/php/clir/http/index_atf.php,Bundesgericht,Bundesgericht (BGE),Tribunal fédéral (ATF),Tribunale federale (DTF),Band VIII,Volume VIII,Volume VIII,,3#VIII,Leitentscheide,Arrêts principaux,Decisioni principali,,BUND 173.110.131,
CH_BGE_011,30,CH_BGE,,ab,Publikationsjahr,JJJJ,https://www.bger.ch/ext/eurospider/live/de/php/clir/http/index_atf.php,Bundesgericht,Bundesgericht (BGE),Tribunal fédéral (ATF),Tribunale federale (DTF),Band IX,Volume IX,Volume IX,,3#IX,Leitentscheide,Arrêts principaux,Decisioni principali,,BUND 173.110.131,
CH_BGE_012,30,CH_BGE,,ab,Publikationsjahr,JJJJ,https://www.bger.ch/ext/eurospider/live/de/php/clir/http/index_atf.php,Bundesgericht,Bundesgericht (BGE),Tribunal fédéral (ATF),Tribunale federale (DTF),EGMR,CEDH,CEDU,EGMR,,Leitentscheide,Arrêts principaux,Decisioni principali,,BUND 173.110.131,
CH_BGE_999,31,CH_BGE,,ab,Publikationsjahr,JJJJ,https://www.bger.ch/ext/eurospider/live/de/php/clir/http/index_atf.php,Bundesgericht,Bundesgericht (BGE),Tribunal fédéral (ATF),Tribunale federale (DTF),sonstiges,autres,diversi,,,,,,,BUND 173.110.131,
CH_BGer_020,40,,,,,,https://www.bger.ch/ext/eurospider/live/de/php/clir/http/index_atf.php,Bundesgericht,Bundesgericht,,,Rekurskommission,,,,,,,,,BUND 173.110.131,
CH_BGer_021,41,,,,,,https://www.bger.ch/ext/eurospider/live/de/php/aza/http/index.php,"Bundesgericht (""Weitere Urteile ab 2000"")",Bundesgericht,,,,,,,,,,,,,
CH_BGer_022,42,,,,,,,,Bundesgericht,,,Sonstige Abteilungen,,,,,,,,,,
CH_BVGE_001,43,CH_BVGer,,"ab, bis",Entscheiddatum,JJJJ,https://www.bvger.ch/bvger/de/home/rechtsprechung/entscheiddatenbank-bvger.html,Bundesverwaltungsgericht,Bundesverwaltungsgericht,,,,,,,,,,,,BUND 173.320.1,
CH_PATG_001,44,CH_BPatG,,,,,https://www.bundespatentgericht.ch/rechtsprechung/datenbankabfrage/,Bundespatentgericht,Bundespatentgericht,,,,,,,,,,,,BUND 173.41,
CH_BSTG_001,45,CH_BSTG,,ab,Entscheiddatum,JJJJ-MM-TT,https://bstger.weblaw.ch,Bundesstrafgericht,Bundesstrafgericht,Tribunal pénal fédéral,Tribunale penale federale,,,,,,,,,,BUND 173.71,
CH_VB_001,46,CH_VB,,,,,https://www.amtsdruckschriften.bar.admin.ch/setLanguage.do?lang=DE&currWebPage=searchHome#resultlist,Schweizerisches Bundesarchiv,Verwaltungspraxis der Bundesbehörden (1987-2017),Jurisprudence des autorités administratives de la Confédération (1987-2017) ,Giurisprudenza delle autorità amministrative della Confederazione (1987-2017),Staatssekretariat für Bildung und Forschung,Secrétariat d'État à l'éducation et à la recherche,La Segreteria di Stato per la formazione e la ricerca,,,,,,,,
CH_VB_002,47,CH_VB,,,,,https://www.amtsdruckschriften.bar.admin.ch/setLanguage.do?lang=DE&currWebPage=searchHome#resultlist,Schweizerisches Bundesarchiv,Verwaltungspraxis der Bundesbehörden (1987-2017),Jurisprudence des autorités administratives de la Confédération (1987-2017) ,Giurisprudenza delle autorità amministrative della Confederazione (1987-2017),Eidgenössisches Justiz- und Polizeidepartement (EJPD),"DFJP, Département fédéral de justice et police",Dipartimento federale di giustizia e polizia DFGP,Département fédéral de justice et police,,,,,,,
CH_VB_003,48,CH_VB,,,,,https://www.amtsdruckschriften.bar.admin.ch/setLanguage.do?lang=DE&currWebPage=searchHome#resultlist,Schweizerisches Bundesarchiv,Verwaltungspraxis der Bundesbehörden (1987-2017),Jurisprudence des autorités administratives de la Confédération (1987-2017) ,Giurisprudenza delle autorità amministrative della Confederazione (1987-2017),"Bundesamt für Justiz, BJ","Office fédéral de la justice, OFJ","Ufficio federale di giustizia, UFG",Office fédéral de la justice|Bundesamt für Justiz,,,,,,,
CH_VB_004,49,CH_VB,,,,,https://www.amtsdruckschriften.bar.admin.ch/setLanguage.do?lang=DE&currWebPage=searchHome#resultlist,Schweizerisches Bundesarchiv,Verwaltungspraxis der Bundesbehörden (1987-2017),Jurisprudence des autorités administratives de la Confédération (1987-2017) ,Giurisprudenza delle autorità amministrative della Confederazione (1987-2017),"BK, Sektion Recht","ChF, section du droit","CaF, Sezione del diritto",,,,,,,,
CH_VB_005,50,CH_VB,,,,,https://www.amtsdruckschriften.bar.admin.ch/setLanguage.do?lang=DE&currWebPage=searchHome#resultlist,Schweizerisches Bundesarchiv,Verwaltungspraxis der Bundesbehörden (1987-2017),Jurisprudence des autorités administratives de la Confédération (1987-2017) ,Giurisprudenza delle autorità amministrative della Confederazione (1987-2017),Eidgenössischen Finanzdepartement (EFD),"DFF, Département fédéral des finances",Dipartimento federale delle finanze (DFF),,,,,,,,
CH_VB_006,51,CH_VB,,,,,https://www.amtsdruckschriften.bar.admin.ch/setLanguage.do?lang=DE&currWebPage=searchHome#resultlist,Schweizerisches Bundesarchiv,Verwaltungspraxis der Bundesbehörden (1987-2017),Jurisprudence des autorités administratives de la Confédération (1987-2017) ,Giurisprudenza delle autorità amministrative della Confederazione (1987-2017),"EDA, Direktion für Völkerrecht (DV)","DFAE, Direction du droit international public",DFAE Direzione del diritto internazionale pubblico (DDIP),DFAE|Direction du droit international public & Office fédéral de |Direction du droit international public,,,,,,,
CH_VB_007,52,CH_VB,,,,,https://www.amtsdruckschriften.bar.admin.ch/setLanguage.do?lang=DE&currWebPage=searchHome#resultlist,Schweizerisches Bundesarchiv,Verwaltungspraxis der Bundesbehörden (1987-2017),Jurisprudence des autorités administratives de la Confédération (1987-2017) ,Giurisprudenza delle autorità amministrative della Confederazione (1987-2017),ETH-Beschwerdekommission,Commission de recours interne des EPF,Commissione di ricorso dei PF,Commission de recours interne des EPF|CRIEPF,,,,,,,
CH_VB_008,53,CH_VB,,,,,https://www.amtsdruckschriften.bar.admin.ch/setLanguage.do?lang=DE&currWebPage=searchHome#resultlist,Schweizerisches Bundesarchiv,Verwaltungspraxis der Bundesbehörden (1987-2017),Jurisprudence des autorités administratives de la Confédération (1987-2017) ,Giurisprudenza delle autorità amministrative della Confederazione (1987-2017),Bundesrat,Conseil fédéral,Consiglio federale,,,,,,,,
CH_VB_009,54,CH_VB,,,,,https://www.amtsdruckschriften.bar.admin.ch/setLanguage.do?lang=DE&currWebPage=searchHome#resultlist,Schweizerisches Bundesarchiv,Verwaltungspraxis der Bundesbehörden (1987-2017),Jurisprudence des autorités administratives de la Confédération (1987-2017) ,Giurisprudenza delle autorità amministrative della Confederazione (1987-2017),"Rekurskommission Eidg. Departement für Verteidigung, Bevölkerungsschutz und Sport","Commission de recours du Département fédéral de la défense, de la protection de la population et des sports","Commissione di ricorso del Dipartimento federale della difesa, della protezione della popolazione e dello sport  ","DDPS|Département fédéral de la défense, de la protection de la population et des sports|Commission de recours du Département fédéral de la défense, de la protection de la population",,,,,,,
CH_VB_010,55,CH_VB,,,,,https://www.amtsdruckschriften.bar.admin.ch/setLanguage.do?lang=DE&currWebPage=searchHome#resultlist,Schweizerisches Bundesarchiv,Verwaltungspraxis der Bundesbehörden (1987-2017),Jurisprudence des autorités administratives de la Confédération (1987-2017) ,Giurisprudenza delle autorità amministrative della Confederazione (1987-2017),"Unabhängige Beschwerdeinstanz für Radio und Fernsehen, UBI","Autorité indépendante d’examen des plaintes (radio-télé), AIEP","Autorità indipendente di ricorso in materia radiotelevisiva, AIRR",AIEP|Autorité indépendante d'examen des plaintes en matière de radio-télévision|Unabhängige Beschwerdeinstanz für Radio und Fernsehen,,,,,,,
CH_VB_011,56,CH_VB,,,,,https://www.amtsdruckschriften.bar.admin.ch/setLanguage.do?lang=DE&currWebPage=searchHome#resultlist,Schweizerisches Bundesarchiv,Verwaltungspraxis der Bundesbehörden (1987-2017),Jurisprudence des autorités administratives de la Confédération (1987-2017) ,Giurisprudenza delle autorità amministrative della Confederazione (1987-2017),Rekurskommission INUM,"CRINEN, Commission de recours en matière d'infrastructures et d'environnement, jusqu'à 2006","CRINAM, Commissione federale di ricorso in materia d'infrastrutture ed ambiente",Commission de recours en matière d'infrastructures et d'environnement,,,,,,,
CH_VB_012,57,CH_VB,,,,,https://www.amtsdruckschriften.bar.admin.ch/setLanguage.do?lang=DE&currWebPage=searchHome#resultlist,Schweizerisches Bundesarchiv,Verwaltungspraxis der Bundesbehörden (1987-2017),Jurisprudence des autorités administratives de la Confédération (1987-2017) ,Giurisprudenza delle autorità amministrative della Confederazione (1987-2017),Eidgenössische Personalrekurskommission,Commission fédérale de recours en matière de personnel fédéral jusqu'à 2006,Commissione di ricorso in materia di persona,Commission fédérale de recours en matière de personnel fédéral|Eidgenössische Personalrekurskommission,,,,,,,
CH_VB_013,58,CH_VB,,,,,https://www.amtsdruckschriften.bar.admin.ch/setLanguage.do?lang=DE&currWebPage=searchHome#resultlist,Schweizerisches Bundesarchiv,Verwaltungspraxis der Bundesbehörden (1987-2017),Jurisprudence des autorités administratives de la Confédération (1987-2017) ,Giurisprudenza delle autorità amministrative della Confederazione (1987-2017),Europäischer Gerichtshof für Menschenrechte,Cour européenne des droits de l'homme,Corte europea dei diritti dell'uomo,,,,,,,,
CH_VB_014,59,CH_VB,,,,,https://www.amtsdruckschriften.bar.admin.ch/setLanguage.do?lang=DE&currWebPage=searchHome#resultlist,Schweizerisches Bundesarchiv,Verwaltungspraxis der Bundesbehörden (1987-2017),Jurisprudence des autorités administratives de la Confédération (1987-2017) ,Giurisprudenza delle autorità amministrative della Confederazione (1987-2017),Datenschutzkommission,"Commission fédérale de la protection des données et de la transparence, jusqu'à 2006",Commissione federale della protezione dei dati,,,,,,,,
CH_VB_015,60,CH_VB,,,,,https://www.amtsdruckschriften.bar.admin.ch/setLanguage.do?lang=DE&currWebPage=searchHome#resultlist,Schweizerisches Bundesarchiv,Verwaltungspraxis der Bundesbehörden (1987-2017),Jurisprudence des autorités administratives de la Confédération (1987-2017) ,Giurisprudenza delle autorità amministrative della Confederazione (1987-2017),Steuerrekurskommission,"Commission fédérale de recours en matière de contributions, jusqu'à 2006",Commissione federale di ricorso in materia di contribuzioni,,,,,,,,
CH_VB_016,61,CH_VB,,,,,https://www.amtsdruckschriften.bar.admin.ch/setLanguage.do?lang=DE&currWebPage=searchHome#resultlist,Schweizerisches Bundesarchiv,Verwaltungspraxis der Bundesbehörden (1987-2017),Jurisprudence des autorités administratives de la Confédération (1987-2017) ,Giurisprudenza delle autorità amministrative della Confederazione (1987-2017),Zollrekurskommission,"Commission fédérale de recours en matière de douanes, jusqu'à 2006",Commissione federale di ricorso in materia doganale,,,,,,,,
CH_VB_017,62,CH_VB,,,,,https://www.amtsdruckschriften.bar.admin.ch/setLanguage.do?lang=DE&currWebPage=searchHome#resultlist,Schweizerisches Bundesarchiv,Verwaltungspraxis der Bundesbehörden (1987-2017),Jurisprudence des autorités administratives de la Confédération (1987-2017) ,Giurisprudenza delle autorità amministrative della Confederazione (1987-2017),Rekurskommission für das öffentliche Beschaffungswesen,"Commission fédérale de recours en matière de marchés publics, jusqu'à 2006",Commissione federale di ricorso in materia di acquisti pubblici,Commission fédérale de recours en matière de marchés publics,,,,,,,
CH_VB_018,63,CH_VB,,,,,https://www.amtsdruckschriften.bar.admin.ch/setLanguage.do?lang=DE&currWebPage=searchHome#resultlist,Schweizerisches Bundesarchiv,Verwaltungspraxis der Bundesbehörden (1987-2017),Jurisprudence des autorités administratives de la Confédération (1987-2017) ,Giurisprudenza delle autorità amministrative della Confederazione (1987-2017),Eidgenössische Rekurskommission für Heilmittel,Commission fédérale de recours en matière de produits thérapeutiques,Commissione federale di ricorso in materia di agenti terapeutici,Commission fédérale de recours en matière de produits thérapeutiques|Eidgenössische Rekurskommission für Heilmittel (REKO HM),,,,,,,
CH_VB_019,64,CH_VB,,,,,https://www.amtsdruckschriften.bar.admin.ch/setLanguage.do?lang=DE&currWebPage=searchHome#resultlist,Schweizerisches Bundesarchiv,Verwaltungspraxis der Bundesbehörden (1987-2017),Jurisprudence des autorités administratives de la Confédération (1987-2017) ,Giurisprudenza delle autorità amministrative della Confederazione (1987-2017),Schweizerische Asylrekurskommission,Commission suisse de recours en matière d'asile,Commissione svizzera di ricorso in materia d'asilo,Commission suisse de recours en matière d'asile,,,,,,,
CH_VB_020,65,CH_VB,,,,,https://www.amtsdruckschriften.bar.admin.ch/setLanguage.do?lang=DE&currWebPage=searchHome#resultlist,Schweizerisches Bundesarchiv,Verwaltungspraxis der Bundesbehörden (1987-2017),Jurisprudence des autorités administratives de la Confédération (1987-2017) ,Giurisprudenza delle autorità amministrative della Confederazione (1987-2017),Rekurskommission für die Staatshaftung,Commission fédérale de recours en matière de responsabilité de l'Etat, Commissione federale di ricorso in materia di responsabilità dello Stato,Commission fédérale de recours en matière de responsabilité de l'Etat,,,,,,,
CH_VB_021,66,CH_VB,,,,,https://www.amtsdruckschriften.bar.admin.ch/setLanguage.do?lang=DE&currWebPage=searchHome#resultlist,Schweizerisches Bundesarchiv,Verwaltungspraxis der Bundesbehörden (1987-2017),Jurisprudence des autorités administratives de la Confédération (1987-2017) ,Giurisprudenza delle autorità amministrative della Confederazione (1987-2017),,Comité des Nations Unies contre la torture,,Comité des Nations Unies contre la torture,,,,,,,
CH_VB_022,67,CH_VB,,,,,https://www.amtsdruckschriften.bar.admin.ch/setLanguage.do?lang=DE&currWebPage=searchHome#resultlist,Schweizerisches Bundesarchiv,Verwaltungspraxis der Bundesbehörden (1987-2017),Jurisprudence des autorités administratives de la Confédération (1987-2017) ,Giurisprudenza delle autorità amministrative della Confederazione (1987-2017),Rekuskommission des Bundesgerichts,Commission de recours du Tribunal fédéral,Commissione di ricorso del Tribunale federale,Commission de recours du Tribunal fédéral|Tribunal fédéral,,,,,,,
CH_VB_023,68,CH_VB,,,,,https://www.amtsdruckschriften.bar.admin.ch/setLanguage.do?lang=DE&currWebPage=searchHome#resultlist,Schweizerisches Bundesarchiv,Verwaltungspraxis der Bundesbehörden (1987-2017),Jurisprudence des autorités administratives de la Confédération (1987-2017) ,Giurisprudenza delle autorità amministrative della Confederazione (1987-2017),Rekurskommission für Zivilschutzangelegenheiten,Commission de recours en matière de protection civile,Commissione di ricorso in materia di protezione civile  ,Commission fédérale de recours en matière de protection civile,,,,,,,
CH_VB_024,69,CH_VB,,,,,https://www.amtsdruckschriften.bar.admin.ch/setLanguage.do?lang=DE&currWebPage=searchHome#resultlist,Schweizerisches Bundesarchiv,Verwaltungspraxis der Bundesbehörden (1987-2017),Jurisprudence des autorités administratives de la Confédération (1987-2017) ,Giurisprudenza delle autorità amministrative della Confederazione (1987-2017),Alkoholrekurskommission,Commission fédérale de recours en matière d'alcool,Commissione federale di ricorso dell'alcool,Commission fédérale de recours en matière d'alcool,,,,,,,
CH_VB_025,70,CH_VB,,,,,https://www.amtsdruckschriften.bar.admin.ch/setLanguage.do?lang=DE&currWebPage=searchHome#resultlist,Schweizerisches Bundesarchiv,Verwaltungspraxis der Bundesbehörden (1987-2017),Jurisprudence des autorités administratives de la Confédération (1987-2017) ,Giurisprudenza delle autorità amministrative della Confederazione (1987-2017),Eidgenössische Rekurskommission für Forschungsförderung,Commission fédérale de recours en matière d’encouragement de la recherche,Commissione federale di ricorso per la promozione della ricerca,Commission fédérale de recours en matière d'encouragement de la recherche,,,,,,,
CH_VB_026,71,CH_VB,,,,,https://www.amtsdruckschriften.bar.admin.ch/setLanguage.do?lang=DE&currWebPage=searchHome#resultlist,Schweizerisches Bundesarchiv,Verwaltungspraxis der Bundesbehörden (1987-2017),Jurisprudence des autorités administratives de la Confédération (1987-2017) ,Giurisprudenza delle autorità amministrative della Confederazione (1987-2017),Eidgenössische Rekurskommission für medizinische Aus- und Weiterbildung,Commission fédérale de recours pour la formation de base et la formation postgrade des professions médicales,Commissione federale di ricorso per la formazione medica e il perfezionamento,Commission fédérale de recours pour la formation de base et la formation postgrade des profession|Eidgenössische Rekurskomission für medizinische Aus- und Weiterbildung (REKO MAW),,,,,,,
CH_VB_027,72,CH_VB,,,,,https://www.amtsdruckschriften.bar.admin.ch/setLanguage.do?lang=DE&currWebPage=searchHome#resultlist,Schweizerisches Bundesarchiv,Verwaltungspraxis der Bundesbehörden (1987-2017),Jurisprudence des autorités administratives de la Confédération (1987-2017) ,Giurisprudenza delle autorità amministrative della Confederazione (1987-2017),Kantonale Justizbehörden,Autorités judiciaires cantonales,Autorità contonali giudiziaria,Autorités judiciaires cantonales,,,,,,,
CH_VB_028,73,CH_VB,,,,,https://www.amtsdruckschriften.bar.admin.ch/setLanguage.do?lang=DE&currWebPage=searchHome#resultlist,Schweizerisches Bundesarchiv,Verwaltungspraxis der Bundesbehörden (1987-2017),Jurisprudence des autorités administratives de la Confédération (1987-2017) ,Giurisprudenza delle autorità amministrative della Confederazione (1987-2017),Rekurskommission Eidgenössisches Volkswirtschaftsdepartement,Commission de recours du Département fédéral de l'economie,Commissione di ricorso del Dipartimento federale dell'economia,Commission de recours du Département fédéral de l'économie,,,,,,,
CH_VB_029,74,CH_VB,,,,,https://www.amtsdruckschriften.bar.admin.ch/setLanguage.do?lang=DE&currWebPage=searchHome#resultlist,Schweizerisches Bundesarchiv,Verwaltungspraxis der Bundesbehörden (1987-2017),Jurisprudence des autorités administratives de la Confédération (1987-2017) ,Giurisprudenza delle autorità amministrative della Confederazione (1987-2017),Eidgenössische Rekurskommission für die Unfallversicherung,Commission fédérale de recours en matière d’assurance-accidents,Commissione federale di ricorso sull’assicurazione contro gli infortuni,,,,,,,,
CH_VB_030,75,CH_VB,,,,,https://www.amtsdruckschriften.bar.admin.ch/setLanguage.do?lang=DE&currWebPage=searchHome#resultlist,Schweizerisches Bundesarchiv,Verwaltungspraxis der Bundesbehörden (1987-2017),Jurisprudence des autorités administratives de la Confédération (1987-2017) ,Giurisprudenza delle autorità amministrative della Confederazione (1987-2017),"Rekurskommission UVEK (des Eidgenössischen Departements für Umwelt, Verkehr, Energie und Kommunikation)","Service de recours du Département fédéral de l'environnement, des transports, de l'énergie et de la communication","Servizio dei ricorsi del Dipartimento federale dell'ambiente, dei trasporti, dell'energiae delle comunicazioni","Rekurskommission UVEK (des Eidgenössischen Departements für Umwelt, Verkehr, Energie und Kommunik",,,,,,,
CH_VB_031,76,CH_VB,,,,,https://www.amtsdruckschriften.bar.admin.ch/setLanguage.do?lang=DE&currWebPage=searchHome#resultlist,Schweizerisches Bundesarchiv,Verwaltungspraxis der Bundesbehörden (1987-2017),Jurisprudence des autorités administratives de la Confédération (1987-2017) ,Giurisprudenza delle autorità amministrative della Confederazione (1987-2017),Schweizerische Asylrekurskommission (ARK),Commission suisse de recours en matière d'asile,Commissione svizzera di ricorso in materia d'asilo,,,,,,,,
CH_VB_032,77,CH_VB,,,,,https://www.amtsdruckschriften.bar.admin.ch/setLanguage.do?lang=DE&currWebPage=searchHome#resultlist,Schweizerisches Bundesarchiv,Verwaltungspraxis der Bundesbehörden (1987-2017),Jurisprudence des autorités administratives de la Confédération (1987-2017) ,Giurisprudenza delle autorità amministrative della Confederazione (1987-2017),Eidgenössische Kommunikationskommission ComCom,Commission fédérale de la communication ComCom,Commissione federale delle comunicazioni ComCom,Commission fédérale de la communication,,,,,,,
CH_VB_033,78,CH_VB,,,,,https://www.amtsdruckschriften.bar.admin.ch/setLanguage.do?lang=DE&currWebPage=searchHome#resultlist,Schweizerisches Bundesarchiv,Verwaltungspraxis der Bundesbehörden (1987-2017),Jurisprudence des autorités administratives de la Confédération (1987-2017) ,Giurisprudenza delle autorità amministrative della Confederazione (1987-2017),Kontrollstelle für die Bekämpfung der Geldwäscherei,Autorité de contrôle en matière de lutte contre le blanchiment d'argent,Autorità di controllo per la lotta contro il riciclaggio di denaro,,,,,,,,
CH_VB_034,79,CH_VB,,,,,https://www.amtsdruckschriften.bar.admin.ch/setLanguage.do?lang=DE&currWebPage=searchHome#resultlist,Schweizerisches Bundesarchiv,Verwaltungspraxis der Bundesbehörden (1987-2017),Jurisprudence des autorités administratives de la Confédération (1987-2017) ,Giurisprudenza delle autorità amministrative della Confederazione (1987-2017),Schweizerische Bundesanwaltschaft (BA),Ministère public de la Confédération (MPC),Ministero pubblico della Confederazione (MPC),,,,,,,,
CH_VB_035,80,CH_VB,,,,,https://www.amtsdruckschriften.bar.admin.ch/setLanguage.do?lang=DE&currWebPage=searchHome#resultlist,Schweizerisches Bundesarchiv,Verwaltungspraxis der Bundesbehörden (1987-2017),Jurisprudence des autorités administratives de la Confédération (1987-2017) ,Giurisprudenza delle autorità amministrative della Confederazione (1987-2017),Nationalrat,Conseil national,Consiglio nazionale,Conseil national,,,,,,,
CH_VB_999,81,CH_VB,,,,,https://www.amtsdruckschriften.bar.admin.ch/setLanguage.do?lang=DE&currWebPage=searchHome#resultlist,Schweizerisches Bundesarchiv,Verwaltungspraxis der Bundesbehörden (1987-2017),Jurisprudence des autorités administratives de la Confédération (1987-2017) ,Giurisprudenza delle autorità amministrative della Confederazione (1987-2017),sonstige Behörden,autres autorités,altre autorità,,,,,,,,
CH_MKG_001,85,,,,,,https://www.oa.admin.ch/de/entscheidungen-militaerjustiz.html,Entscheidungen des Militärkassationsgerichts,Militärkassationsgericht,,,,,,,,,,,,,
CH_WBK_001,86,CH_WEKO,,,,,https://www.weko.admin.ch/weko/de/home/aktuell/letzte-entscheide.html,Letzte Entscheide,Wettbewerbskommission,,,,,,,,,,,,,
CH_EDÖB_001,91,CH_EDOEB,,,,,https://www.edoeb.admin.ch/edoeb/de/home/datenschutz/dokumentation/empfehlungen/aeltere-empfehlungen/empfehlungen-von-1993-2003.html,EDÖB-Website,Eidgenössischer Datenschutz- und Öffentlichkeitsbeauftragter (EDÖB),Préposé fédéral à la protection des données et à la transparence (PFPDT),Incaricato fedeale della protezione dei dati e della trasparenza,Schlussberichte und Empfehlungen Datenschutz,Rapports finaux et recommandations protection des données,Rapporti finali e raccomandazioni protezione dei dati,DSG@,,,,,,,
CH_EDÖB_002,92,CH_EDOEB,,,,,https://www.edoeb.admin.ch/edoeb/de/home/datenschutz/dokumentation/empfehlungen/aeltere-empfehlungen/empfehlungen-von-1993-2003.html,EDÖB-Website,Eidgenössischer Datenschutz- und Öffentlichkeitsbeauftragter (EDÖB),Préposé fédéral à la protection des données et à la transparence (PFPDT),Incaricato fedeale della protezione dei dati e della trasparenza,Weiterzüge (bis 31.08.2023),Actions justices (jusqu'au 31.08.2023) ,Impugnazioni (fino al 31.08.2023),Weiterzüge-DSG@,,,,,,,
CH_EDÖB_006,93,CH_EDOEB,,,,,https://www.edoeb.admin.ch/edoeb/de/home/datenschutz/dokumentation/empfehlungen/aeltere-empfehlungen/empfehlungen-von-1993-2003.html,EDÖB-Website,Eidgenössischer Datenschutz- und Öffentlichkeitsbeauftragter (EDÖB),Préposé fédéral à la protection des données et à la transparence (PFPDT),Incaricato fedeale della protezione dei dati e della trasparenza,Empfehlungen nach BGÖ,Recommandations selon la LTrans,Raccomandazioni secondo LTras,BGÖ@,,,,,,,
CH_BR_001,94,CH_Bundesrat,,,,,https://www.bj.admin.ch/bj/de/home/publiservice/publikationen/beschwerdeentscheide.html,Bundesrat Beschwerdeentscheide,Bundesrat,Conseil fédéral,Consiglio federale,Beschwerdeentscheide,Décisions sur recours,Decisioni di ricorso,,,,,,,,
CH_UPL_001,98,XX_Upload,,,,,,Upload,Upload,,,,,,,,,,,,,
CH_XX_001,99,,,,,,,,Sonstiges,,,,,,,,,,,,,
AG_OG_001,1,AG_Gerichte,,,,,https://decwork.ag.ch,Aargauische Gerichts- und Verwaltungsentscheide,Obergericht,,,Zivilkammern,,,Zivilkammer,,Sammlung der Aargauischen Gerichts- und Verwaltungsentscheide (AGVE),,,,AG 155.200,Inaktiv seit Ende 2018 - letzte Entscheidungen Ende 2019 
AG_OG_002,2,AG_Gerichte,,,,,https://decwork.ag.ch,Aargauische Gerichts- und Verwaltungsentscheide,Obergericht,,,Kammer für Kindes-und Erwachsenenschutz,,,@Kammer für Kindes- und Erwachsenenschutz,,,,,,AG 155.200,Inaktiv seit Ende 2018
AG_OG_005,3,AG_Gerichte,,,,,https://decwork.ag.ch,Aargauische Gerichts- und Verwaltungsentscheide,Obergericht,,,Schuldbetreibungs- und Konkurskommission,,,,,Sammlung der Aargauischen Gerichts- und Verwaltungsentscheide (AGVE),,,,AG 155.200,
AG_OG_006,4,AG_Gerichte,,,,,https://decwork.ag.ch,Aargauische Gerichts- und Verwaltungsentscheide,Obergericht,,,Verwaltungsgericht,,,,,,,,,AG 155.200,
AG_OG_007,5,AG_Gerichte,,,,,https://decwork.ag.ch,Aargauische Gerichts- und Verwaltungsentscheide,Obergericht,,,Versicherungsgericht,,,,,,,,,AG 155.200,
AG_OG_008,6,AG_Gerichte,,,,,https://decwork.ag.ch,Aargauische Gerichts- und Verwaltungsentscheide,Obergericht,,,Strafgericht,,,,,,,,,AG 155.200,
AG_OG_009,7,AG_Gerichte,,,,,https://decwork.ag.ch,Aargauische Gerichts- und Verwaltungsentscheide,Obergericht,,,Handelsgericht,,,,,,,,,AG 155.200,Inaktiv seit Ende 2018
AG_SVWG_001,8,AG_Gerichte,,,,,https://decwork.ag.ch,Aargauische Gerichts- und Verwaltungsentscheide,Spezialverwaltungsgericht,,,Kausalabgaben und Enteignungen,,,,,,,,,,Inaktiv seit 01.01.2013
AG_SVWG_002,9,AG_Gerichte,,,,,https://decwork.ag.ch,Aargauische Gerichts- und Verwaltungsentscheide,Spezialverwaltungsgericht,,,Steuern,,,,,Sammlung der Aargauischen Gerichts- und Verwaltungsentscheide (AGVE),,,,AG 155.200,Inaktiv seit Ende 2018
AG_AUK_001,10,AG_Gerichte,,,,,https://decwork.ag.ch,Aargauische Gerichts- und Verwaltungsentscheide,Aufsichtskommission,,,,,,,,,,,,AG 155.200,Inaktiv seit Ende 2018
AG_AK_001,11,AG_Gerichte,,,,,https://decwork.ag.ch,Aargauische Gerichts- und Verwaltungsentscheide,Anwaltskommission,,,,,,,,,,,,AG 155.200,Inaktiv seit Ende 2018
AG_VB_001,12,AG_Gerichte,,,,,https://decwork.ag.ch,Aargauische Gerichts- und Verwaltungsentscheide,Verwaltungsbehörden,,,Departement Gesundheit und Soziales,,,Departement Gesundheit und Soziales / Generalsekretariat / Rechtsdienst,,,,,,,Inaktiv seit 01.01.2013
AG_VB_002,13,AG_Gerichte,,,,,https://decwork.ag.ch,Aargauische Gerichts- und Verwaltungsentscheide,Verwaltungsbehörden,,,"Departement Bildung, Kultur und Sport",,,"Departement Bildung, Kultur und Sport / Generalsekretariat / Recht",,Steuern und Enteignungen,,,,AG 155.200,Inaktiv seit Ende 2018
AG_VB_003,14,AG_Gerichte,,,,,https://decwork.ag.ch,Aargauische Gerichts- und Verwaltungsentscheide,Verwaltungsbehörden,,,Departement Volkswirtschaft und Inneres,,,Departement Volkswirtschaft und Inneres / Generalsekretariat / Rechtsdienst,,,,,,AG 271.200,Inaktiv seit Ende 2018
AG_BV_001,15,AG_Gerichte,,,,,https://decwork.ag.ch,Aargauische Gerichts- und Verwaltungsentscheide,Verwaltungsbehörden,,,"Department Bau, Verkehr und Umwelt",,,"@Departement Bau, Verkehr und Umwelt / Rechtsabteilung",,,,,,,
AG_RR_001,16,AG_Gerichte,,,,,https://decwork.ag.ch,Aargauische Gerichts- und Verwaltungsentscheide,Regierungsrat,,,,,,@Regierungsrat,,,,,,,Inaktiv seit 01.01.2013
AG_RG_001,17,AG_Gerichte,,,,,https://decwork.ag.ch,Aargauische Gerichts- und Verwaltungsentscheide,Rekursgericht im Ausländerrecht,,,,,,@Rekursgericht im Ausländerrecht,,,,,,,Inaktiv seit 01.01.2013
AG_JL_001,18,AG_Gerichte,,,,,https://decwork.ag.ch,Aargauische Gerichts- und Verwaltungsentscheide,Justizleitung,,,,,,@Justizleitung,,,,,,,Inaktiv seit 01.01.2013
AG_JG_001,19,AG_Gerichte,,,,,https://decwork.ag.ch,Aargauische Gerichts- und Verwaltungsentscheide,Justizgericht,,,,,,@Justizgericht,,,,,,,Inaktiv seit 01.01.2013
AG_SK_001,20,AG_Gerichte,,,,,https://decwork.ag.ch,Aargauische Gerichts- und Verwaltungsentscheide,Schätzungskommission nach Baugesetz,,,,,,@Schätzungskommission nach Baugesetz,,,,,,,Inaktiv seit 01.01.2013
AG_OG_999,21,AG_Gerichte,,,,,https://decwork.ag.ch,Aargauische Gerichts- und Verwaltungsentscheide,Obergericht,,,sonstige Kammern,,,,,,,,,,Inaktiv seit 01.01.2013
AG_BG_001,25,AG_Baugesetzgebung,,,,,https://www.ag.ch/de/verwaltung/bvu/bauen/baurecht/entscheidsammlung,Aargauische Entscheidungssammlung Baugesetzgebung,Entscheidsammlung Baugesetzgebung,,,,,,,,,,,,,
AG_OGA_001,30,,,,,,https://www.ag.ch/de/gerichte/gesetze_entscheide/weitere_entscheide_1/handelsgericht_3/handelsgericht_3.jsp,Weitere Entscheide,Obergericht (AGVE),,,Verwaltungsgericht,,,@Verwaltungsgerichts|@Verwaltungsgericht,,,,,,AG 155.200,
AG_OGA_002,31,,,,,,https://www.ag.ch/de/gerichte/gesetze_entscheide/weitere_entscheide_1/entscheide_1/obergericht_2/obergericht_7.jsp?sectionId=660488&accordId=6,Weitere Entscheide,Obergericht (AGVE),,,Handelsgericht,,,@Handelsgerichts,,Weitere publizierte Entscheide,,,,AG 155.200,
AG_OGA_003,32,,,,,,https://www.ag.ch/de/gerichte/gesetze_entscheide/weitere_entscheide_1/entscheide_6/entscheide_8.jsp,Weitere Entscheide,Obergericht (AGVE),,,Versicherungsgericht,,,@Versicherungsgerichts,,,,,,AG 155.200,
AG_OGA_004,33,,,,,,https://www.ag.ch/de/gerichte/gesetze_entscheide/weitere_entscheide_1/handelsgericht_3/handelsgericht_3.jsp,Weitere Entscheide,Obergericht (AGVE),,,Justizgericht,,,,,,,,,AG 155.200,
AG_OGA_005,34,,,,,,https://www.ag.ch/de/gerichte/gesetze_entscheide/weitere_entscheide_1/entscheide_1/obergericht_1/verwaltungsgericht_3.jsp,Weitere Entscheide,Obergericht (AGVE),,,Zivilkammern,,,@Zivilgerichts,,Weitere publizierte Entscheide,,,,AG 155.200,
AG_OGA_006,35,,,,,,https://www.ag.ch/de/gerichte/gesetze_entscheide/weitere_entscheide_1/handelsgericht_3/handelsgericht_3.jsp,Weitere Entscheide,Obergericht (AGVE),,,Kammer für Kindes- und Erwachsenenschutz,,,@Kammer für Kindes- und Erwachsenenschutz|@Obergericht / Zivilgericht / Kammer für Kindes- und Erwachsenenschutz,,,,,,AG 155.200,
AG_OGA_007,36,,,,,,https://www.ag.ch/de/gerichte/gesetze_entscheide/weitere_entscheide_1/handelsgericht_3/handelsgericht_3.jsp,Weitere Entscheide,Obergericht (AGVE),,,"Departement Bau, Verkehr und Umwelt",,,"@Departement Bau, Verkehr und Umwelt / Rechtsabteilung",,,,,,,
AG_OGA_999,37,,,,,,,,Obergericht (AGVE),,,Sonstige Abteilung,,,,,,,,,AG 155.200,Inaktiv seit Ende 2018
AG_BZG_001,51,,,,,,,,Bezirksgerichte,,,Zivilgerichte,,,,,Erste Kantonale Instanz,,,,AG 155.200,
AG_BZG_002,52,,,,,,,,Bezirksgerichte,,,Strafgerichte,,,,,,,,,AG 155.200,
AG_BZG_003,53,,,,,,,,Bezirksgerichte,,,Arbeitsgerichte,,,Arbeitsgericht,,Erste Kantonale Instanz,,,,AG 155.200,
AG_BZG_004,54,,,,,,,,Bezirksgerichte,,,Jugendgerichte,,,Jugendgericht,,Erste Kantonale Instanz,,,,AG 155.200,
AG_BZG_005,55,,,,,,,,Bezirksgerichte,,,Familiengerichte,,,Familiengericht,,Erste Kantonale Instanz,,,,AG 155.200,
AG_BZG_006,56,,,,,,,,Bezirksgerichte,,,weitere Bezirksgerichte,,,,,,,,,AG 155.200,
AG_FR_001,57,,,,,,,,Friedensrichter,,,,,,,,,,,,AG 155.200,
AG_SBMP_001,58,,,,,,,,Schlichtungsbehörde für Miete und Pacht,,,,,,,,,,,,AG 155.200,
AG_SSGF_001,59,,,,,,,,Schlichtungsstelle für Gleichstellungsfragen,,,,,,,,,,,,AG 155.200,
AG_ZMG_001,60,,,,,,,,Zwangsmassnahmengericht,,,,,,,,Diverse Zwangsmassnahmengericht,,,,AG 155.200,
AG_NK_001,61,,,,,,,,Notariatskommission,,,,,,,,,,,,AG 155.200,
AG_SA_001,62,,,,,,,,Stiftungsaufsicht,,,,,,,,,,,,AG 210.118,
AG_RR_001,63,,,,,,,,Regierungsrat,,,,,,,,,,,,AG 271.200,
AG_GB_001,64,AG_Weitere,,,,,https://www.ag.ch/de/dvi/grundbuch_vermessung/grundbuch/rechtliche_grundlagen_1/entscheide_2/entscheide.jsp,Entscheide Grundbuch und Notariat,Entscheide Grundbuch und Notariat,,,,,,,,,,,,AG 271.200,
AG_KB_001,65,,,,,,,,Kommunale Behörden,,,,,,,,,,,,AG 271.200,
AG_UPL_001,98,XX_Upload,,,,,,Upload,Upload,,,,,,,,,,,,,
AG_XX_001,99,,,,,,,,Sonstiges,,,,,,,,,,,,,
AI_AK_001,1,,,,,,,,Anwaltskammer,,,,,,,,Die Anwaltskammer ist kantonale Aufsichtsbehörde über die Anwälte.,,,,AI 177.000,
AI_BZG_001,2,AI_Aktuell,,,,,https://www.ai.ch/gerichte/rechtsprechung,Aktuelle Rechtsprechung,Bezirksgericht,,,,,,,,Erstinstanzliches Gericht in Zivil- und Strafsachen.,,,,AI 173.000,
AI_KG_001,3,AI_Aktuell,,,,,https://www.ai.ch/gerichte/rechtsprechung,Aktuelle Rechtsprechung,Kantonsgericht,,,,,,,,aktuelle Entscheide (fortgeführt ab 2020),,,,,
AI_JUG_001,3,,,,,,,,Jugendgericht Appenzell I.Rh.,,,,,,,,Erstinstanzliches Gericht in Jugendstrafsachen.,,,,AI 173.000,
AI_SBM_001,12,,,,,,,,Schlichtungsstelle für Mietverhältnisse,,,,,,,,,,,,AI 173.000,
AI_SBGG_001,13,,,,,,,,Schlichtungsstelle Gleichstellung von Frau und Mann,,,,,,,,,,,,AI 173.000,
AI_SA_001,14,,,,,,,,Staatsanwaltschaft,,,,,,,,,,,,AI 312.000,
AI_FR_001,15,,,,,,,,Vermittler,,,Vermittler pro Bezirk (Sammeleintrag),,,,,"Der Vermittler jedes Bezirks leitet die Vermittlung in zivilrechtlichen Angelegenheiten mit dem Ziel, die Streitsache gütlich beizulegen",,,,AI 173.000,
AI_VB_001,16,,,,,,,,Verwaltungsbehörden,,,Sammeleintrag,,,,,,,,,,
AI_ZMG_001,17,,,,,,,,Zwangsmassnahmengericht,,,Zwangsmassnahmengericht pro Bezirk (Sammeleintrag),,,,,Ein Einzelrichter des Bezirksgerichts übt die Funktion des Zwangsmassnahmengerichts aus,,,,AI 312.000,
AI_RR_001,18,,,,,,,,Standeskommission,,,,,,,,,,,,AI 172.600,
AI_UPL_001,98,XX_Upload,,,,,,Upload,Upload,,,,,,,,,,,,,
AI_XX_001,99,AI_Bericht,,,,,https://www.ai.ch/themen/staat-und-recht/veroeffentlichungen/verwaltungs-und-gerichtsentscheide#ftw-simplelayout-filelistingblock,Ausgewählte Entscheide der Standeskommission als oberste Verwaltungsbehörde und der Gerichte werden jährlich als Anhang des Geschäftsberichts veröffentlicht.,Sammelwerk,,,,,,,,,,,,,
AR_OG_001,1,AR_Gerichte,,,,,https://rechtsprechung.ar.ch/le/,Rechtsprecung,Obergericht,,,1. Abteilung,,,,1#D1Z|1#O1S|1#O1Z,,,,,AR 145.31,
AR_OG_002,2,AR_Gerichte,,,,,https://rechtsprechung.ar.ch/le/,Rechtsprecung,Obergericht,,,2. Abteilung,,,,1#D2S|1#O2V|1#O2S|1#O2K,,,,,AR 145.31,
AR_OG_003,3,AR_Gerichte,,,,,https://rechtsprechung.ar.ch/le/,Rechtsprecung,Obergericht,,,3. Abteilung,,,,1#O3V|1#K3Z,,,,,AR 145.31,
AR_OG_004,4,AR_Gerichte,,,,,https://rechtsprechung.ar.ch/le/,Rechtsprecung,Obergericht,,,4. Abteilung,,,,1#O4V,,,,,AR 145.31,
AR_OG_005,5,AR_Gerichte,,,,,https://rechtsprechung.ar.ch/le/,Rechtsprecung,Obergericht,,,5. Abteilung,,,,1#O5V,,,,,AR 145.31,
AR_OG_006,6,AR_Gerichte,,,,,https://rechtsprechung.ar.ch/le/,Rechtsprecung,Obergericht,,,Aufsichtsbehörde für Schuldbetreibung und Konkurs,,,,1#AB,,,,,AR 145.31,
AR_OG_007,7,AR_Gerichte,,,,,https://rechtsprechung.ar.ch/le/,Rechtsprecung,Obergericht,,,Anwaltsaufsichtskommission,,,,1#AAK,,,,,AR 145.31,
AR_OG_008,8,AR_Gerichte,,,,,https://rechtsprechung.ar.ch/le/,Rechtsprecung,Obergericht,,,Einzelrichter,,,,1#ERZ|1#FE3|1#ERV|1#ERS,,,,,AR 145.31,
AR_OG_999,9,AR_Gerichte,,,,,https://rechtsprechung.ar.ch/le/,Rechtsprecung,Obergericht,,,Sonstiges,,,,,,,,,AR 145.31,
AR_KG_001,10,AR_Gerichte,,,,,https://rechtsprechung.ar.ch/le/,Rechtsprecung,Kantonsgericht,,,1. Abteilung,,,,1#K1S|1#K1Z,,,,,,
AR_KG_002,11,AR_Gerichte,,,,,https://rechtsprechung.ar.ch/le/,Rechtsprecung,Kantonsgericht,,,2. Abteilung,,,,1#K2S|1#K2Z,,,,,,
AR_KG_003,12,AR_Gerichte,,,,,https://rechtsprechung.ar.ch/le/,Rechtsprecung,Kantonsgericht,,,3. Abteilung,,,,1#K3S|1#K3Z,,,,,,
AR_KG_004,13,AR_Gerichte,,,,,https://rechtsprechung.ar.ch/le/,Rechtsprecung,Kantonsgericht,,,Einzelrichter,,,,1#ZE3|1#FE1,,,,,,
AR_KG_005,13,AR_Gerichte,,,,,https://rechtsprechung.ar.ch/le/,Rechtsprecung,Kantonsgericht,,,Sammlung ARGVP,,,,1#ARGVP,,,,,,
AR_KG_999,14,AR_Gerichte,,,,,https://rechtsprechung.ar.ch/le/,Rechtsprecung,Kantonsgericht,,,sonstiges,,,,,,,,,,
AR_VB_001,15,AR_Gerichte,,,,,https://rechtsprechung.ar.ch/le/,Rechtsprecung,Verwaltungsbehörden,,,,,,,,,,,,AR 143.1,
AR_SRK_001,16,AR_Gerichte,,,,,https://rechtsprechung.ar.ch/le/,Rechtsprecung,Steuerrekurskommission,,,Steuerrekurskommission,,,,,,,,,,inaktiv
AR_RR_001,17,AR_Gerichte,,,,,https://rechtsprechung.ar.ch/le/,Rechtsprecung,Regierungsrat,,,Regierungsrat,,,,,,,,,,
AR_SBGG_001,18,,,,,,,,Schlichtungsstelle bei Diskriminierung im Erwerbsleben,,,,,,,,,,,,AR 145.31,
AR_FR_001,19,,,,,,,,Vermittler,,,,,,,,,,,,AR 145.31,
AR_SA_001,20,,,,,,,,Staatsanwaltschaft,,,,,,,,,,,,AR 145.31,
AR_SK_001,21,,,,,,,,Schätzungskommision,,,,,,,,Enteignung,,,,AR 145.31,
AR_ZMG_001,22,,,,,,,,Zwangsmassnahmengericht,,,,,,,,,,,,AR 145.31,
AR_SBMP_001,23,,,,,,,,Schlichtungsstelle für Miete und nichtlandwirtschaftliche Pacht,,,,,,,,,,,,AR 145.31,
AR_UPL_001,98,XX_Upload,,,,,,Upload,Upload,,,,,,,,,,,,,
AR_XX_001,99,,,,,,,,Sonstiges,,,,,,,,,,,,,
BE_OG_001,1,BE_ZivilStraf,,ab,Publikationsdatum,TT.MM.JJJJ,http://www.zsg-entscheide.apps.be.ch/tribunapublikation/,Entscheide der Zivil- und Strafgerichtsbarkeit,Obergericht,Cour suprême,,Zivilkammern,Chambres civile,,Zivilkammer,,,,,BE 161.1,,
BE_OG_002,2,BE_ZivilStraf,,ab,Publikationsdatum,TT.MM.JJJJ,http://www.zsg-entscheide.apps.be.ch/tribunapublikation/,Entscheide der Zivil- und Strafgerichtsbarkeit,Obergericht,Cour suprême,,Handelsgericht,Tribunal de commerce,,,,,,,BE 161.1,,
BE_OG_003,3,BE_ZivilStraf,,ab,Publikationsdatum,TT.MM.JJJJ,http://www.zsg-entscheide.apps.be.ch/tribunapublikation/,Entscheide der Zivil- und Strafgerichtsbarkeit,Obergericht,Cour suprême,,Kindes- und Erwachsenenschutzgericht,Tribunal de la protection de l'enfant et de l'adulte,,,,,,,BE 161.1,,
BE_OG_004,4,,,,,,,,Obergericht,Cour suprême,,Zivilkanzlei,Chancellerie civile,,,,,,,BE 161.1,,
BE_OG_005,5,BE_ZivilStraf,,ab,Publikationsdatum,TT.MM.JJJJ,http://www.zsg-entscheide.apps.be.ch/tribunapublikation/,Entscheide der Zivil- und Strafgerichtsbarkeit,Obergericht,Cour suprême,,Strafkammern,Chambres pénale,,Strafkammer,,,,,BE 161.1,,
BE_OG_006,6,,,,,,,,Obergericht,Cour suprême,,Strafkanzlei,Chancellerie pénale,,,,,,,BE 161.1,,
BE_OG_007,7,BE_ZivilStraf,,ab,Publikationsdatum,TT.MM.JJJJ,http://www.zsg-entscheide.apps.be.ch/tribunapublikation/,Entscheide der Zivil- und Strafgerichtsbarkeit,Obergericht,Cour suprême,,Aufsichtsbehörde in Betreibungs- und Konkurssachen,Autorité de surveillance en matière de poursuite pour dettes et faillite,,,,,,,BE 161.1,,
BE_OG_008,8,BE_ZivilStraf,,ab,Publikationsdatum,TT.MM.JJJJ,http://www.zsg-entscheide.apps.be.ch/tribunapublikation/,Entscheide der Zivil- und Strafgerichtsbarkeit,Obergericht,Cour suprême,,Beschwerdekammer in Strafsachen,Chambre de recours pénale,,,,,,,BE 161.1,,
BE_OG_999,9,BE_ZivilStraf,,ab,Publikationsdatum,TT.MM.JJJJ,http://www.zsg-entscheide.apps.be.ch/tribunapublikation/,Entscheide der Zivil- und Strafgerichtsbarkeit,Obergericht,Cour suprême,,Sonstige Kammern,Autres Chambres,,,,,,,BE 161.1,,
BE_AK_001,10,BE_Anwaltsaufsicht,,,,,https://www.aa-entscheide.apps.be.ch/tribunapublikation/,Entscheide der Zivil- und Strafgerichtsbarkeit,Kantonale Anwaltsaufsichtsbehörde,Autorité cantonale de surveillance des avocats,,,,,,,,,,BE 161.1,,
BE_VG_001,14,BE_Verwaltungsgericht,,ab,Publikationsdatum,TT.MM.JJJJ,http://www.vg-urteile.apps.be.ch/tribunapublikation/,Aufteilung nach diesen Kammern aus der Trefferliste nicht möglich,Verwaltungsgericht,Tribunal administratif,,,,,,,,,,BE 161.1,,
BE_SRK_001,18,BE_Steuerrekurs,,,,,http://www.strk-entscheide.apps.be.ch/tribunapublikation,Steuerrekurskommission,Steuerrekurskommission,Commission des recours en matière fiscale,,,,,,,,,,BE 161.1,,
BE_RKMF_001,19,,,,,,,,Rekurskommission für Massnahmen gegenüber Fahrzeugführerinnen und Fahrzeugführern,Commission de recours contre les mesures administratives prononcées en vertu de la loi sur la circulation routière,,,,,,,,,,BE 161.1,,
BE_SK_001,20,,,,,,,,Enteignungsschätzungskommission,Commission d’estimation en matière d’expropriation,,,,,,,,,,BE 161.1,,
BE_BVK_001,21,,,,,,,,Bodenverbesserungskommission,Commission des améliorations foncières,,,,,,,,,,BE 161.1,,
BE_RG_001,22,,,,,,,,Regionalgerichte,Tribunaux régionaux,,Strafgerichte,Section pénale,,Strafgericht,,,,,BE 161.1,,
BE_RG_002,23,,,,,,,,Regionalgerichte,Tribunaux régionaux,,Zivilgerichte,Section civile,,Zivilgericht,,,,,BE 161.1,,
BE_RG_999,24,,,,,,,,Regionalgerichte,Tribunaux régionaux,,Weitere Regionsalgerichte,Autres tribunaux régionaux,,,,,,,BE 161.1,,
BE_RR_001,25,,,,,,,,Regierungsrat,Conseil-exécutif,,,,,,,,,,BE 155.21,,
BE_SB_001,26,,,,,,,,Schlichtungsbehörden,Autorités de conciliation,,,,,,,,,,BE 161.1,,
BE_STA_001,27,,,,,,,,Staatsanwaltschaft,Ministère public,,Generalstaatsanwaltschaft,Parquet général,,,,,,,BE 161.1,,
BE_STA_002,28,,,,,,,,Staatsanwaltschaft,Ministère public,,Kantonale Staatsanwaltschaften,Ministère public cantonaux,,,,,,,BE 161.1,,
BE_STA_003,29,,,,,,,,Staatsanwaltschaft,Ministère public,,Regionale Staatsanwaltschaften,Ministère public régionaux,,,,,,,BE 161.1,,
BE_STA_004,30,,,,,,,,Staatsanwaltschaft,Ministère public,,Jugendstaatsanwaltschaften,Ministère public des mineurs,,,,,,,,,
BE_STA_999,31,,,,,,,,Staatsanwaltschaft,Ministère public,,Sonstiges,Autres,,,,,,,BE 161.1,,
BE_VB_001,32,BE_BVD,,ab,Entscheiddatum,TT.MM.JJJJ,https://www.bvd-entscheide.apps.be.ch/tribunapublikation/#,Bau- und Verkehrsdirektion,Verwaltungsbehörden,Autorités administratives,,Bau- und Verkehrsdirektion,Direction des travaux publics et des transports,,,,,,,BE 155.21,,
BE_VB_002,33,BE_Weitere,,,,,https://www.bkd.be.ch/de/start/ueber-uns/die-organisation/bkd-generalsekretariat/rechtsdienst-bkd/ausgewaehlte-beschwerdeentscheide.html,Bildungs- und Kulturdirektion,Verwaltungsbehörden,Autorités administratives,,Bildungs- und Kulturdirektion,Direction de l'instruction publique et de la culture,,,,,,,BE 155.21,,
BE_VB_003,34,BE_Weitere,,,,,https://www.gsi.be.ch/de/start/ueber-uns/generalsekretariat/rechtsabteilung/rechtsprechung.html,"Gesundheits-, Sozial und Integrationsdirektion",Verwaltungsbehörden,Autorités administratives,,"Gesundheits-, Sozial und Integrationsdirektion","Direction de la santé, des affaires sociales et de l'intégration",,,,,,,BE 155.21,,
BE_VB_004,35,BE_Weitere,,,,,https://www.gba.dij.be.ch/de/start/grundbuch/rechtliches/beschwerdeentscheide.html,Direktion für Inneres und Justiz,Verwaltungsbehörden,Autorités administratives,,"Direktion für Inneres und Justiz, Grundbuchämter","Direction de l’intérieur et de la justice, Droit du registre foncier",,,,,,,BE 155.21,,
BE_VB_007,38,,,,,,,,Verwaltungsbehörden,Autorités administratives,,,,,,,,,,BE 155.21,,
BE_RZMG_001,39,,,,,,,,Regionale Zwangsmassnahmengerichte,Tribunaux régionaux des mesures de contrainte,,,,,,,,,,BE 161.1,,
BE_NAB_001,40,,,,,,,,Aufsichtsbehörde Notariat,Autorité de surveillance du notariat,,Administrativentscheide,Procédure administrative,,,,Administrativentscheide,Procédure administrative,,BE 169.11,,
BE_NAB_002,41,,,,,,,,Aufsichtsbehörde Notariat,Autorité de surveillance du notariat,,Moderationsentscheide,Taxation officielle,,,,Moderationsentscheide,Taxation officielle,,BE 169.11,,
BE_NAB_003,42,,,,,,,,Aufsichtsbehörde Notariat,Autorité de surveillance du notariat,,Disziplinarentscheide,Procédure disciplinaire,,,,Disziplinarentscheide,Procédure disciplinaire,,BE 169.11,,
BE_UPL_001,98,XX_Upload,,,,,,Upload,Upload,,,,,,,,,,,,,
BE_XX_001,99,,,,,,,,Sonstiges,Autres,,,,,,,,,,-,,
BL_KG_001,1,BL_Gerichte,,ab,ab diesem Jahr aufgeführt,JJJJ,https://bl.swisslex.ch,Kantonsgericht,Kantonsgericht,,,Abteilung Zivilrecht,,,,,Das Kantonsgericht ist aus dem Obergericht und dem Verwaltungsgericht entstanden,,,,BL 170.000,
BL_KG_002,1,BL_Gerichte,,ab,ab diesem Jahr aufgeführt,JJJJ,https://bl.swisslex.ch,Kantonsgericht,Kantonsgericht,,,Abteilung Sozialversicherungsrecht,,,,,Das Kantonsgericht ist aus dem Obergericht und dem Verwaltungsgericht entstanden,,,,BL 170.000,
BL_KG_003,1,BL_Gerichte,,ab,ab diesem Jahr aufgeführt,JJJJ,https://bl.swisslex.ch,Kantonsgericht,Kantonsgericht,,,Abteilung Verfassungs- und Verwaltungsrecht,,,,,Das Kantonsgericht ist aus dem Obergericht und dem Verwaltungsgericht entstanden,,,,BL 170.000,
BL_KG_004,1,BL_Gerichte,,ab,ab diesem Jahr aufgeführt,JJJJ,https://bl.swisslex.ch,Kantonsgericht,Kantonsgericht,,,Abteilung Strafrecht,,,,,Das Kantonsgericht ist aus dem Obergericht und dem Verwaltungsgericht entstanden,,,,BL 170.000,
BL_KG_005,1,BL_Gerichte,,ab,ab diesem Jahr aufgeführt,JJJJ,https://bl.swisslex.ch,Kantonsgericht,Kantonsgericht,,,Aufsichtsbehörde Schuldbetreibung und Konkurs Basel-Landschaft,,,,,Das Kantonsgericht ist aus dem Obergericht und dem Verwaltungsgericht entstanden,,,,BL 170.000,
BL_KG_006,1,BL_Gerichte,,ab,ab diesem Jahr aufgeführt,JJJJ,https://bl.swisslex.ch,Kantonsgericht,Kantonsgericht,,,Anwaltsaufsichtskommission Basel-Landschaft,,,,,Das Kantonsgericht ist aus dem Obergericht und dem Verwaltungsgericht entstanden,,,,BL 170.000,
BL_KG_999,1,BL_Gerichte,,ab,ab diesem Jahr aufgeführt,JJJJ,https://bl.swisslex.ch,Kantonsgericht,Kantonsgericht,,,sonstige Abteilung,,,,,Das Kantonsgericht ist aus dem Obergericht und dem Verwaltungsgericht entstanden,,,,BL 170.000,
BL_SG_001,6,BL_Gerichte,,ab,ab diesem Jahr aufgeführt,JJJJ,https://bl.swisslex.ch,Steuergericht,Steuergericht,,,,,,,,,,,,BL 170.000,
BL_EG_001,7,BL_Gerichte,,ab,ab diesem Jahr aufgeführt,JJJJ,https://bl.swisslex.ch,Einteignungsgericht,Enteignungsgericht,,,,,,,,,,,,BL 170.000,
BL_ZMG_001,8,BL_Gerichte,,ab,ab diesem Jahr aufgeführt,JJJJ,https://bl.swisslex.ch,Zwangsmassnahmengericht,Zwangsmassnahmengericht,,,,,,,,,,,,BL 170.000,
BL_ZKG_001,9,,,,,,,,Zivilkreisgericht Basel-Landschaft Ost,,,,,,,,Erstinstanzgerichten,,,,BL 170.000,
BL_ZKG_002,10,,,,,,,,Zivilkreisgericht Basel-Landschaft West,,,,,,,,Erstinstanzgerichten,,,,BL 170.000,
BL_SG_001,11,,,,,,,,Strafgericht,,,,,,,,Erstinstanzgerichten,,,,BL 170.000,
BL_JUG_001,12,,,,,,,,Jugendgericht,,,,,,,,Erstinstanzgerichten,,,,BL 170.000,
BL_FR_001,13,,,,,,,,Friedensrichtern,,,,,,,,,,,,BL 170.000,
BL_SA_001,14,,,,,,,,Staatsanwaltschaft,,,,,,,,,,,,BL 170.000,
BL_AK_001,15,,,,,,,,Anwaltsaufsichtkommision,,,,,,,,,,,,BL 178.000,
BL_VB_001,16,,,,,,https://www.baselland.ch/themen/p/politische-rechte/verwaltungsentscheide,Verwaltungsentscheide,Verwaltungsbehörden,,,,,,,,,,,,BL 175.000,
BL_RR_001,17,,,,,,,,Regierungsrat,,,,,,,,,,,,BL 175.000,
BL_SBM_001,18,,,,,,,,Schlichtungsstelle für Mietangelegenheiten,,,,,,,,,,,,BL 223.000,
BL_SBGG_999,19,,,,,,,,Schlichtungsstelle für Diskriminierungsstreitigkeiten im Erwerbsleben,,,,,,,,,,,,BL 108.000,
BL_BKSI_001,20,,,,,,,,Beratende Kommission für sexuelle Integrität,,,,,,,,,,,,BL 108.31,
BL_UPL_001,98,XX_Upload,,,,,,Upload,Upload,,,,,,,,,,,,,
BL_XX_001,99,BL_Gerichte,,ab,ab diesem Jahr aufgeführt,,https://bl.swisslex.ch,,Sonstiges,,,,,,,,,,,,,
BS_BRK_001,1,,,,,,,,Baurekurskommission,,,,,,,,,,,,BS 790.100,
BS_SRK_001,2,,,,,,https://www.steuerverwaltung.bs.ch/steuersystem/steuerrechtsprechung.html,Steuerrechtsprechung,Steuerrekurskommission,,,,,,,,,,,,BS 640.100,
BS_SRK_002,3,,,,,,https://www.steuerrekurskommission.bs.ch/entscheide-in-progress/2010.html,Entscheide 2010,Steuerrekurskommission,,,,,,,,,,,,,
BS_SRK_003,4,,,,,,https://www.steuerrekurskommission.bs.ch/entscheide-in-progress/2011.html,Entscheide 2011,Steuerrekurskommission,,,,,,,,,,,,,
BS_SRK_004,5,,,,,,https://www.steuerrekurskommission.bs.ch/entscheide-in-progress/2012.html,Entscheide 2012,Steuerrekurskommission,,,,,,,,,,,,,
BS_SRK_005,6,,,,,,https://www.steuerrekurskommission.bs.ch/entscheide-in-progress/2013.html,Entscheide 2013,Steuerrekurskommission,,,,,,,,,,,,,
BS_SRK_006,7,,,,,,https://www.steuerrekurskommission.bs.ch/entscheide-in-progress/2014.html,Entscheide 2014,Steuerrekurskommission,,,,,,,,,,,,,
BS_SRK_007,8,,,,,,https://www.steuerrekurskommission.bs.ch/entscheide-in-progress/2015.html,Entscheide 2015,Steuerrekurskommission,,,,,,,,,,,,,
BS_SRK_008,9,,,,,,https://www.steuerrekurskommission.bs.ch/entscheide-in-progress/2016.html,Entscheide 2016,Steuerrekurskommission,,,,,,,,,,,,,
BS_SRK_009,10,,,,,,https://www.steuerrekurskommission.bs.ch/entscheide-in-progress/2017.html,Entscheide 2017,Steuerrekurskommission,,,,,,,,,,,,,
BS_SRK_010,11,,,,,,https://www.steuerrekurskommission.bs.ch/entscheide-in-progress/2018.html,Entscheide 2018,Steuerrekurskommission,,,,,,,,,,,,,
BS_SRK_011,12,,,,,,https://www.steuerrekurskommission.bs.ch/entscheide-in-progress/2019.html,Entscheide 2019,Steuerrekurskommission,,,,,,,,,,,,,
BS_SRK_012,13,,,,,,https://www.steuerrekurskommission.bs.ch/entscheide-in-progress/2020.html,Entscheide 2020,Steuerrekurskommission,,,,,,,,,,,,,
BS_SRK_013,14,,,,,,https://www.steuerrekurskommission.bs.ch/entscheide-in-progress.html,Entscheide (künftig),Steuerrekurskommission,,,,,,,,,,,,,
BS_APG_001,15,BS_Omni,,ab,Publikationsdatum,tt.mm.jjjj,"https://rechtsprechung.gerichte.bs.ch/cgi-bin/nph-omniscgi.exe?OmnisPlatform=WINDOWS&WebServerUrl=rechtsprechung.gerichte.bs.ch&WebServerScript=/cgi-bin/nph-omniscgi.exe&OmnisLibrary=JURISWEB&OmnisClass=rtFindinfoWebHtmlService&OmnisServer=JURISWEB,7000&Aufruf=loadTemplate&cTemplate=search.html&Schema=BS_FI_WEB&cSprache=DE&Parametername=WEB&nAnzahlTrefferProSeite=5&nSeite=1&bInstanzInt=all",Gerichte,Appellationsgericht,,,,,,#AG#,,,,,,BS 154.100,
BS_ZG_001,16,,,,,,,,Zivilgericht,,,,,,,,,,,,BS 154.100,
BS_SG_001,17,,,,,,,,Strafgericht,,,,,,,,,,,,BS 154.100,
BS_JUG_001,18,,,,,,,,Jugendgericht,,,,,,,,,,,,BS 154.100,
BS_SVG_001,19,BS_Omni,,ab,Publikationsdatum,tt.mm.jjjj,"https://rechtsprechung.gerichte.bs.ch/cgi-bin/nph-omniscgi.exe?OmnisPlatform=WINDOWS&WebServerUrl=rechtsprechung.gerichte.bs.ch&WebServerScript=/cgi-bin/nph-omniscgi.exe&OmnisLibrary=JURISWEB&OmnisClass=rtFindinfoWebHtmlService&OmnisServer=JURISWEB,7000&Aufruf=loadTemplate&cTemplate=search.html&Schema=BS_FI_WEB&cSprache=DE&Parametername=WEB&nAnzahlTrefferProSeite=5&nSeite=1&bInstanzInt=all",Gerichte,Sozialversicherungsgericht,,,,,,#SVG#,,,,,,BS 154.100,
BS_GFU_001,20,,,,,,,,Gericht für fürsorgerische Unterbringungen ,,,,,,,,,,,,BS 154.100,
BS_SBM_001,21,,,,,,,,Schlichtungsstelle für Mietstreitigkeiten,,,,,,,,,,,,BS 154.100,
BS_SBGG_001,22,,,,,,,,Schlichtungsstelle für Diskriminierungsfragen,,,,,,,,,,,,BS 154.100,
BS_SBZG_001,23,,,,,,,,Schlichtungsbehörde des Zivilgerichts,,,,,,,,Teil des Zivilgericht,,,,,
BS_AK_001,24,,,,,,,,Aufsichtsbehörde (Advokatur),,,,,,,,,,,,BS 291.100,
BS_NK_001,25,,,,,,,,Notariatsaufsichtskommission,,,,,,,,,,,,BS 292.100,
BS_SA_001,26,,,,,,,,Staatsanwaltschaft,,,,,,,,,,,,BS 154.100,
BS_ZMG_001,27,,,,,,,,Zwangsmassnahmengericht,,,,,,,,,,,,BS 154.100,
BS_RR_001,28,,,,,,https://www.fd.bs.ch/ueber-das-departement/weitere-institutionen/entscheide-beschluesse/regierungsrat.html,Regierungsrat,Regierungsrat,,,,,,,,,,,,BS 270.100,
BS_VB_001,29,,,,,,,,Verwaltungsbehörden,,,,,,,,,,,,BS 270.100,
BS_PRK_001,30,,,,,,https://www.fd.bs.ch/ueber-das-departement/weitere-institutionen/entscheide-beschluesse/personalrekurskommission.html,Personalrekurskommission,Personalrekurskommission,,,,,,,,,,,,,
BS_VG_001,31,,,,,,https://www.fd.bs.ch/ueber-das-departement/weitere-institutionen/entscheide-beschluesse/verwaltungsgericht-personalgesetz.html,Verwaltungsgericht betr. Personalgesetz,Verwaltungsgericht,,,,,,,,Entscheide bis 2016,,,,,Inaktiv
BS_VG_002,32,,,,,,https://www.fd.bs.ch/ueber-das-departement/weitere-institutionen/entscheide-beschluesse/veraltungsgericht-lohngesetz.html,Verwaltungsgericht betr. Lohngesetz,Verwaltungsgericht,,,,,,,,Entscheide bis 2009,,,,,Inaktiv
BS_UPL_001,98,XX_Upload,,,,,,Upload,Upload,,,,,,,,,,,,,
BS_XX_001,99,,,,,,,,Sonstiges,,,,,,,,,,,,,
FR_TC_001,1,FR_Gerichte,,ab,Entscheiddatum,TT.MM.JJJJ,https://publicationtc.fr.ch/?locale=de,Tribuna Publikation,Kantonsgericht,Tribunal cantonal,,Zivilappellationshöfe,Cours d'appel civil,,Zivilappellationshof,,,,,mehrsprachiger Kanton,FR 130.1,
FR_TC_003,2,FR_Gerichte,,ab,Entscheiddatum,TT.MM.JJJJ,https://publicationtc.fr.ch/?locale=de,Tribuna Publikation,Kantonsgericht,Tribunal cantonal,,Schuldbetreibungs- und Konkurskammer,Chambre des poursuites et faillites,,,,,,,,FR 130.1,
FR_TC_004,3,FR_Gerichte,,ab,Entscheiddatum,TT.MM.JJJJ,https://publicationtc.fr.ch/?locale=de,Tribuna Publikation,Kantonsgericht,Tribunal cantonal,,Kindes- und Erwachsenenschutzhof,Cour de protection de l'enfant et de l'adulte,,,,,,,,FR 130.1,
FR_TC_005,4,FR_Gerichte,,ab,Entscheiddatum,TT.MM.JJJJ,https://publicationtc.fr.ch/?locale=de,Tribuna Publikation,Kantonsgericht,Tribunal cantonal,,Strafkammer,Chambre pénale,,,,,,,,FR 130.1,
FR_TC_006,5,FR_Gerichte,,ab,Entscheiddatum,TT.MM.JJJJ,https://publicationtc.fr.ch/?locale=de,Tribuna Publikation,Kantonsgericht,Tribunal cantonal,,Strafappellationshof,Cour d'appel pénal,,,,,,,,FR 130.1,
FR_TC_007,6,FR_Gerichte,,ab,Entscheiddatum,TT.MM.JJJJ,https://publicationtc.fr.ch/?locale=de,Tribuna Publikation,Kantonsgericht,Tribunal cantonal,,Verwaltungsgerichtshöfe,Cours administrative,,Verwaltungsgerichtshof,,,,,,FR 130.1,
FR_TC_010,7,FR_Gerichte,,ab,Entscheiddatum,TT.MM.JJJJ,https://publicationtc.fr.ch/?locale=de,Tribuna Publikation,Kantonsgericht,Tribunal cantonal,,Steuergerichtshof,Cour fiscale,,,,,,,,FR 130.1,
FR_TC_011,8,FR_Gerichte,,ab,Entscheiddatum,TT.MM.JJJJ,https://publicationtc.fr.ch/?locale=de,Tribuna Publikation,Kantonsgericht,Tribunal cantonal,,Sozialversicherungsgerichtshöfe,Cour des assurances sociales,,Sozialversicherungsgerichtshof,,,,,,FR 130.1,
FR_TC_012,8,FR_Gerichte,,ab,Entscheiddatum,TT.MM.JJJJ,https://publicationtc.fr.ch/?locale=de,Tribuna Publikation,Kantonsgericht,Tribunal cantonal,,Moderationshof,Cour de modération ,,,,,,,,FR 130.1,
FR_TC_999,9,FR_Gerichte,,ab,Entscheiddatum,TT.MM.JJJJ,,,Kantonsgericht,Tribunal cantonal,,Sonstiger Gerichtshöfe,Autres Cours,,,,,,,,FR 130.1,
FR_TA_001,10,,,,,,,,Bezirksgerichte,Tribunaux d'arrondissement,,Bezirksgerichte in Zivilsachen,Tribunaux d'arrondissement en matière civile,,,,,,,,FR 130.1,
FR_TA_002,11,,,,,,,,Bezirksgerichte,Tribunaux d'arrondissement,,Bezirksgerichte in Strafsachen,Tribunaux d'arrondissement en matière pénale,,,,,,,,FR 130.1,
FR_TA_999,12,,,,,,,,Bezirksgerichte,Tribunaux d'arrondissement,,Weitere Bekirksgerichte,Autres Tribunaux d'arrondissement,,,,,,,,FR 130.1,
FR_CCMB_001,13,,,,,,,,Schlichtungsbehörden in Mietsachen,Commissions de conciliation en matière de bail,,,,,,,,,,,FR 130.1,
FR_CCME_001,14,,,,,,,,Schlichtungsstelle für Gleichstellungsfragen,Commission de conciliation en matière d'égalité,,,,,,,,,,,FR 130.1,
FR_TPE_001,15,,,,,,,,Wirtschaftsstrafgericht,Tribunal pénal économique,,,,,,,,,,,FR 130.1,
FR_TM_001,16,,,,,,,,Jugendgericht,Tribunal des mineurs,,,,,,,,,,,FR 130.1,
FR_GMC_001,17,,,,,,,,Zwangsmassnahmengericht,Tribunal des mesures de contrainte,,,,,,,,,,,FR 130.1,
FR_MP_001,18,,,,,,,,Staatsanwaltschaft,Ministère public,,,,,,,,,,,FR 130.1,
FR_JP_001,19,,,,,,,,Friedensrichter,Justice de paix,,,,,,,,,,,FR 130.1,
FR_TPH_001,20,,,,,,,,Arbeitsgerichte,Tribunal des prud'hommes,,,,,,,,,,,FR 130.1,
FR_TB_001,21,,,,,,,,Mietgerichte,Tribunal des baux,,,,,,,,,,,FR 130.1,
FR_TPM_001,22,,,,,,,,Jugendstrafgericht,Tribunal pénal des mineurs,,,,,,,,,,,FR 130.1,
FR_AA_001,23,,,,,,,,Verwaltungsbehörden,Autorités administratives,,,,,,,,,,,FR 150.1,
FR_GO_001,24,,,,,,,,Staatsrat,Conseil d'Etat,,,,,,,,,,,FR 150.1,
FR_CE_001,25,,,,,,,,Enteignungskommission,Commission d'expropriation,,,,,,,,,,,FR 150.1,
FR_CR_001,26,,,,,,,,Rekurskommissionen,Commission de recours,,Rekurskommission,Commission de recours,,,,,,,,FR 150.1,
FR_CN_001,27,,,,,,,,Notariatskommission,Commission du notariat,,,,,,,,,,,FR 261.1,
FR_CA_001,28,,,,,,,,Anwaltskommission,Commission du barreau,,,,,,,,,,,FR 137.1,
FR_TAMA_001,29,FR_Gerichte,,ab,Entscheiddatum,TT.MM.JJJJ,https://publicationtc.fr.ch/?locale=de,Tribuna Publikation,Schiedsgericht in Sachen Kranken- und Unfallversicherung,Tribunal arbitral en matière d'assurance-maladie et accidents,,,,,Tribunal arbitral LAMal/LAA|LAA Schiedsgericht KVG/UVG,,,,,,art. 89 KVG,
FR_CRPR_001,30,,,,,,,,Rekurskommission für die Ersterhebung,Commission de recours en matière de premier relevé,,,,,,,,,,,FR 241.6.1,
FR_CRAF_001,31,,,,,,,,Rekurskommission für Bodenverbesserungen,Commission de recours en matière d'améliorations foncières,,,,,,,,,,,FR 917.1,
FR_CRU_001,32,,,,,,,,Rekurskommission der Universität,Commission de recours de l'Université,,,,,,,,,,,FR 431.0.1,
FR_UPL_001,98,XX_Upload,,,,,,Upload,Upload,,,,,,,,,,,,,
FR_XX_001,99,,,,,,,,Sonstiges,Autres,,,,,,,,,,,,
GE_CAPJ_001,1,GE_Gerichte,,ab,Entscheiddatum,TT.MM.JJJJ,http://ge.ch/justice/donnees/decis/capj,Cour d'appel du Pouvoir judiciaire,,Court d'appel du pouvoir judiciaire,,,,,,,,,,,GE E 2 05,
GE_CJ_001,2,GE_Gerichte,,ab,Entscheiddatum,TT.MM.JJJJ,http://ge.ch/justice/donnees/decis/acjc,Chambre civile,,Cour de Justice (Cour civile),,,Chambre civile,,,,,,,,GE E 2 05,
GE_CJ_002,3,GE_Gerichte,,ab,Entscheiddatum,TT.MM.JJJJ,http://ge.ch/justice/donnees/decis/sommaires,Sommaires,,Cour de Justice (Cour civile),,,Chambre civile (Sommaires),,,,,,,,,
GE_CJ_003,4,GE_Gerichte,,ab,Entscheiddatum,TT.MM.JJJJ,http://ge.ch/justice/donnees/decis/caph,Chambre des prud'hommes,,Cour de Justice (Cour civile),,,Chambre des prud'hommes,,,,,,,,GE E 2 05,
GE_CJ_004,5,GE_Gerichte,,ab,Entscheiddatum,TT.MM.JJJJ,http://ge.ch/justice/donnees/decis/cabl,Chambre des baux et loyers,,Cour de Justice (Cour civile),,,Chambre des baux et loyers,,,,,,,,GE E 2 05,
GE_CJ_005,6,GE_Gerichte,,ab,Entscheiddatum,TT.MM.JJJJ,http://ge.ch/justice/donnees/decis/aj,Assistance Juridique,,Cour de Justice (Cour civile),,,Assistance Juridique,,,,,,,,,
GE_CJ_006,7,GE_Gerichte,,ab,Entscheiddatum,TT.MM.JJJJ,http://ge.ch/justice/donnees/decis/das,Chambre de surveillance,,Cour de Justice (Cour civile),,,Chambre de surveillance,,,,,,,,GE E 2 05,
GE_CJ_007,8,GE_Gerichte,,ab,Entscheiddatum,TT.MM.JJJJ,http://ge.ch/justice/donnees/decis/dcso,Chambre de surveillance en matière de poursuite et faillites,,Cour de Justice (Cour civile),,,Chambre de surveillance en matière de poursuite et faillites,,,,,,,,,
GE_CJ_008,9,GE_Gerichte,,ab,Entscheiddatum,TT.MM.JJJJ,http://ge.ch/justice/donnees/decis/comtax,Commission de taxation des honoraires d'avocats,,Cour de Justice (Cour civile),,,Commission de taxation des honoraires d'avocats,,,,,,,,,
GE_CJ_009,10,GE_Gerichte,,ab,Entscheiddatum,TT.MM.JJJJ,http://ge.ch/justice/donnees/decis/parp,Chambre pénale d'appel et de révision,,Cour de Justice (Cour pénale),,,Chambre pénale d'appel et de révision,,,,,,,,GE E 2 05,
GE_CJ_010,11,GE_Gerichte,,ab,Entscheiddatum,TT.MM.JJJJ,http://ge.ch/justice/donnees/decis/cjp,Chambre pénale,,Cour de Justice (Cour pénale),,,Chambre pénale,,,,,,,,,
GE_CJ_011,12,GE_Gerichte,,ab,Entscheiddatum,TT.MM.JJJJ,http://ge.ch/justice/donnees/decis/pcpr,Chambre pénale de recours,,Cour de Justice (Cour pénale),,,Chambre pénale de recours,,,,,,,,GE E 2 05,
GE_CJ_012,13,GE_Gerichte,,ab,Entscheiddatum,TT.MM.JJJJ,http://ge.ch/justice/donnees/decis/oca,Chambre d'accusation,,Cour de Justice (Cour pénale),,,Chambre d'accusation,,,,,,,,,Aktiv bis 31.12.2010
GE_CJ_013,14,GE_Gerichte,,ab,Entscheiddatum,TT.MM.JJJJ,http://ge.ch/justice/donnees/decis/ata,Chambre administrative (Cour de droit public de la Cour de Justice),,Cour de justice (Cour de droit public),,,Chambre administrative,,,,,,,,GE E 2 05,
GE_CJ_014,15,GE_Gerichte,,ab,Entscheiddatum,TT.MM.JJJJ,http://ge.ch/justice/donnees/decis/atas,Chambre des assurances sociales (Cour de droit public de la Cour de Justice),,Cour de justice (Cour de droit public),,,Chambre des assurances sociales,,,,,,,,GE E 2 05,
GE_CJ_015,16,GE_Gerichte,,ab,Entscheiddatum,TT.MM.JJJJ,http://ge.ch/justice/donnees/decis/cst,Chambre constitutionnelle (Cour de droit public de la Cour de justice),,Cour de justice (Cour de droit public),,,Chambre constitutionnelle,,,,,,,,GE E 2 05,
GE_TP_001,17,GE_Gerichte,,ab,Entscheiddatum,TT.MM.JJJJ,http://ge.ch/justice/donnees/decis/jtp,Tribunal pénal,,Tribunal pénal,,,,,,,,,,,GE E 2 05,
GE_TAPI_001,18,GE_Gerichte,,ab,Entscheiddatum,TT.MM.JJJJ,http://ge.ch/justice/donnees/decis/dccr,Tribunal administratif de première instance en matière fiscale,,Tribunal administratif de première instance en matière fiscale,,,,,,,,,,,GE E 2 05,
GE_TCI_001,30,,,,,,,,,Tribunal civil,,,Tribunal de première instance,,,,,,,,GE E 2 05,
GE_TCI_002,31,,,,,,,,,Tribunal civil,,,Tribunal des baux et loyers,,,,,,,,GE E 2 05,
GE_TCI_003,32,,,,,,,,,Tribunal civil,,,Commission de conciliation en matière de baux et loyers,,,,,,,,GE E 2 05,
GE_TCI_004,33,,,,,,,,,Tribunal civil,,,Sonstiges,,,,,,,,,
GE_TPAE_001,34,,,,,,,,,Tribunal de protection de l'adulte et de l'enfant,,,Tribunal de protection,,,,,,,,GE E 2 05,
GE_TPAE_002,35,,,,,,,,,Tribunal de protection de l'adulte et de l'enfant,,,Justice de paix,,,,,,,,GE E 2 05,
GE_TPAE_003,36,,,,,,,,,Tribunal de protection de l'adulte et de l'enfant,,,Autres,,,,,,,,,
GE_TPH_001,37,,,,,,,,,Tribunal des prud'hommes,,,,,,,,,,,GE E 2 05,
GE_MP_001,38,,,,,,,,,Ministère public,,,,,,,,,,,GE E 2 05,
GE_TP_002,39,,,,,,,,,Tribunal pénal,,,Tribunal des mesures de contrainte,,,,,,,,GE E 2 05,
GE_TP_003,40,,,,,,,,,Tribunal pénal,,,Tribunal d'application des peines et des mesures,,,,,,,,GE E 2 05,
GE_TP_004,41,,,,,,,,,Tribunal pénal,,,Autres,,,,,,,,,
GE_TM_001,42,,,,,,,,,Tribunal des mineurs,,,,,,,,,,,GE E 2 05,
GE_CJ_016,43,,,,,,,,,Cour de Justice,,,Tribunal arbitral (assurances sociales),,,,,,,,GE E 2 05,
GE_CJ_017,44,,,,,,,,,Cour de Justice,,,Autres,,,,,,,,,
GE_CA_001,45,,,,,,,,,Commission du barreau (avocat),,,,,,,,,,,GE E 6 10,
GE_CN_001,46,,,,,,,,,Commission de surveillance (notaire),,,,,,,,,,,GE E 6 05,
GE_GO_001,47,,,,,,https://www.ge.ch/publication?titre=recours&type=191&dossier=All&organisation=976,Liste des publications,,Conseil d'Etat,,,,,,,,,,,BE E 5 10,
GE_AA_001,48,,,,,,,,,Autorités administratives,,,,,,,,,,,BE E 5 10,
GE_UPL_001,98,XX_Upload,,,,,,Upload,Upload,,,,,,,,,,,,,
GE_XX_002,99,,,,,,,,,Autres ,,,,,,,,,,,,
GL_OG_001,1,GL_Omni,,ab,tt.mm.jjjj,tt.mm.jjjj,https://www.gl.ch/rechtspflege/entscheiddatenbank-der-gerichte.html/272,Entscheiddatenbank der Gerichte,Obergericht,,,,,,OG,,,,,,GL III A/2,
GL_VG_001,2,GL_Omni,,ab,tt.mm.jjjj,tt.mm.jjjj,https://www.gl.ch/rechtspflege/entscheiddatenbank-der-gerichte.html/272,Entscheiddatenbank der Gerichte,Verwaltungsgericht,,,,,,VG,,,,,,GL III A/2,
GL_KG_001,3,GL_Omni,,ab,tt.mm.jjjj,tt.mm.jjjj,https://www.gl.ch/rechtspflege/entscheiddatenbank-der-gerichte.html/272,Entscheiddatenbank der Gerichte,Kantonsgericht,,,Strafkammern,,,SG,,,,,,GL III A/2,
GL_KG_002,4,GL_Omni,,ab,tt.mm.jjjj,tt.mm.jjjj,https://www.gl.ch/rechtspflege/entscheiddatenbank-der-gerichte.html/272,Entscheiddatenbank der Gerichte,Kantonsgericht,,,Zivilkammern,,,ZG,,,,,,GL III A/2,
GL_XX_999,5,GL_Omni,,ab,tt.mm.jjjj,tt.mm.jjjj,https://www.gl.ch/rechtspflege/entscheiddatenbank-der-gerichte.html/272,Entscheiddatenbank der Gerichte,sonstige Gerichte,,,Sonstige Kammern,,,,,,,,,,
GL_UPL_001,98,XX_Upload,,,,,,Upload,Upload,,,,,,,,,,,,,
GL_SBMP_001,6,,,,,,,,Schlichtungsbehörde Miete und Pacht,,,,,,,,,,,,GL III A/2,
GL_SBGG_001,7,,,,,,,,Schlichtungsbehörde Arbeit und Gleichstellung,,,,,,,,,,,,GL III A/2,
GL_SA_001,8,,,,,,,,Staatsanwaltschaft,,,,,,,,,,,,GL III F/1,
GL_JUA_001,9,,,,,,,,Jugendanwaltschaft,,,,,,,,,,,,GL III F/1,
GL_SRK_001,10,,,,,,,,Steuerrekurskommission,,,,,,,,,,,,GL VI C/1/1,
GL_AK_001,11,,,,,,,,Anwaltskommission,,,,,,,,auch Aufsichtsbehörde über die Urkundspersonen (Notarinnen und Notare) sowie die Personen mit Befähigung zur Beglaubigung.,,,,GL III I/1,
GL_RR_001,12,,,,,,,,Regierungsrat,,,,,,,,,,,,GL III G/1,
GL_VB_001,13,,,,,,,,Verwaltungsbehörden,,,,,,,,,,,,GL III G/2,
GR_KG_001,1,GR_Gerichte,,ab,Entscheiddatum,tt.mm.jjj,https://www.lawsearch.gr.ch/,Entscheidsammlung,Kantonsgericht,,Tribunale cantonale,Praxis des Kantonsgerichts,,Prassi del Tribunale cantonale,,1#PKG|1#PTC,,,,,GR 173.100,
GR_KG_002,2,GR_Gerichte,,ab,Entscheiddatum,tt.mm.jjj,https://www.lawsearch.gr.ch/,Entscheidsammlung,Kantonsgericht,,Tribunale cantonale,Einzelrichter,,Giudice unico,,,,,,,GR 173.100,
GR_KG_003,3,GR_Gerichte,,ab,Entscheiddatum,tt.mm.jjj,https://www.lawsearch.gr.ch/,Entscheidsammlung,Kantonsgericht,,Tribunale cantonale,Schuldbetreibungs- und Konkurskammer,,Camera delle esecuzioni e dei fallimenti,,1#KSK,,,,,,
GR_KG_004,4,GR_Gerichte,,ab,Entscheiddatum,tt.mm.jjj,https://www.lawsearch.gr.ch/,Entscheidsammlung,Kantonsgericht,,Tribunale cantonale,I. Strafkammer,,Camera penale I,,1#SK1|1#SB,,,,,GR 173.100,
GR_KG_005,5,GR_Gerichte,,ab,Entscheiddatum,tt.mm.jjj,https://www.lawsearch.gr.ch/,Entscheidsammlung,Kantonsgericht,,Tribunale cantonale,II. Strafkammer,,Camera penale II,,1#SK2|1#BK,,,,,GR 173.100,
GR_KG_006,6,GR_Gerichte,,ab,Entscheiddatum,tt.mm.jjj,https://www.lawsearch.gr.ch/,Entscheidsammlung,Kantonsgericht,,Tribunale cantonale,I. Zivilkammer,,Camera civile I,,1#ZK1|1#ZF|1#ZR1,,,,,GR 173.100,
GR_KG_007,7,GR_Gerichte,,ab,Entscheiddatum,tt.mm.jjj,https://www.lawsearch.gr.ch/,Entscheidsammlung,Kantonsgericht,,Tribunale cantonale,II. Zivilkammer,,Camera civile II,,1#ZK2|1#ZR2,,,,,GR 173.100,
GR_VG_001,8,GR_Gerichte,,ab,Entscheiddatum,tt.mm.jjj,https://www.lawsearch.gr.ch/,Entscheidsammlung,Verwaltungsgericht,,Tribunale amministrativo,1. Kammer,,1a Camera,,1#U,,,,,,
GR_VG_002,9,GR_Gerichte,,ab,Entscheiddatum,tt.mm.jjj,https://www.lawsearch.gr.ch/,Entscheidsammlung,Verwaltungsgericht,,Tribunale amministrativo,2. Kammer,,2a Camera,,,,,,,GR 173.300,
GR_VG_003,10,GR_Gerichte,,ab,Entscheiddatum,tt.mm.jjj,https://www.lawsearch.gr.ch/,Entscheidsammlung,Verwaltungsgericht,,Tribunale amministrativo,3. Kammer,,3a Camera,,1#S,,,,,,
GR_VG_004,11,GR_Gerichte,,ab,Entscheiddatum,tt.mm.jjj,https://www.lawsearch.gr.ch/,Entscheidsammlung,Verwaltungsgericht,,Tribunale amministrativo,4. Kammer,,4a Camera,,1#A,,,,,GR 173.300,
GR_VG_005,12,GR_Gerichte,,ab,Entscheiddatum,tt.mm.jjj,https://www.lawsearch.gr.ch/,Entscheidsammlung,Verwaltungsgericht,,Tribunale amministrativo,5. Kammer,,5a Camera,,1#R,,,,,GR 173.300,
GR_VG_006,13,GR_Gerichte,,ab,Entscheiddatum,tt.mm.jjj,https://www.lawsearch.gr.ch/,Entscheidsammlung,Verwaltungsgericht,,Tribunale amministrativo,Praxis des Verwaltungsgerichts (PVG),,Prassi del Tribunale amministrativo (PTA),,1#PVG|1#PTA,,,,,GR 173.300,
GR_KG_001,14,,,,Entscheiddatum,tt.mm.jjj,https://www.lawsearch.gr.ch/,Entscheidsammlung,Kantonsgericht,,Tribunale cantonale,Gesamtgericht,,Corte plenaria,,,,,,,GR 173.100,
GR_KG_010,15,GR_Gerichte,,ab,Entscheiddatum,tt.mm.jjj,https://www.lawsearch.gr.ch/,Entscheidsammlung,Kantonsgericht,,Tribunale cantonale,Justizaufsichtskammer,,Camera di vigilanza sulla giustizia,,1#JAK,,,,,GR 173.100,
GR_KG_012,17,GR_Gerichte,,ab,Entscheiddatum,tt.mm.jjj,https://www.lawsearch.gr.ch/,Entscheidsammlung,Kantonsgericht,,Tribunale cantonale,Schuldbetreibungs- und Konkurskammer,,Camera delle esecuzioni e dei fallimenti,,1#SKB,,,,,GR 173.100,
GR_KG_013,18,,,,Entscheiddatum,tt.mm.jjj,https://www.lawsearch.gr.ch/,Entscheidsammlung,Kantonsgericht,,Tribunale cantonale,Italienische Verfahren (ausser JAK und KSK-Aufsichtssachen),,Pratiche in lingua italiana (eccetto JAK e KSK-pratiche di vigilanza),,,,,,,,
GR_KG_999,19,GR_Gerichte,,ab,Entscheiddatum,tt.mm.jjj,https://www.lawsearch.gr.ch/,Entscheidsammlung,Kantonsgericht,,Tribunale cantonale,Sonstige Kammern,,Altre camere,,,,,,,,
GR_ZMG_001,20,,,,,,,,Kantonales Zwangsmassnahmengericht,,,Kantonales Zwangsmassnahmengericht,,Giudice dei provvedimenti coercitivi,,,,,,,GR 173.000,
GR_RG_001,21,,,,,,,,Regionalgerichte,,,Zivilkammern,,Camere civili,,,Diverse Kammer,,,,GR 173.000,
GR_RG_002,22,,,,,,,,Regionalgerichte,,,Strafkammern,,Camere penali,,,Diverse Kammer,,,,GR 173.000,
GR_RG_003,23,,,,,,,,Regionalgerichte,,,Sonstige Kammern,,Diverse Kammern,,,Diverse Kammer,,,,GR 173.000,
GR_FR_001,24,,,,,,,,Vermittleramt,,Giudici di pace,,,,,,Diverse Vermittler,,,,GR 173.000,
GR_SBM_001,25,,,,,,,,Schlichtungsbehörden für Mietsachen,,Autorità di conciliazione in materia di locazione,,,,,,Diverse Schlichtungsbehörden für Mietsachen,,,,GR 173.000,
GR_SBGG_001,26,,,,,,,,Schlichtungsbehörden für Gleichstellungssachen,,Autorità cantonale di conciliazione in materia di parità dei sessi,,,,,,Diverse Schlichtungsbehörden für Gleichstellungssachen,,,,GR 173.000,
GR_AKG_001,27,,,,,,,,Aufsicht des Kantonsgerichts,,Vigilanza del tribunale cantonale,,,,,,,,,,GR 173.000,
GR_VG_002,28,,,,,,,,Verwaltungsgericht,,,Sonstige Kammern,,Diverse camere,,,,,,,GR 173.300,
GR_RR_001,29,,,,,,,,Regierung,,Governo,,,,,,,,,,GR 370.100,
GR_VB_001,30,,,,,,,,Verwaltungsbehörden,,Autorità amministrative,,,,,,,,,,GR 370.100,
GR_NK_001,31,,,,,,,,Notariatskommision,,Commissione notarile,,,,,,,,,,GR 210.300,
GR_AK_001,32,,,,,,,,Aufsichtskommision Rechtsanwälte,,Commissione di vigilanza sugli avvocati,,,,,,,,,,GR 310.100,
GR_EK_001,33,,,,,,,,Enteignungskommission,,Commissioni di espropriazione,,,,,,,,,,GR 803.100,
GR_UPL_001,98,XX_Upload,,,,,,Upload,Upload,,,,,,,,,,,,,
GR_XX_001,99,,,,,,,,Sonstiges,,,,,,,,,,,,,
JU_TC_001,1,JU_Gerichte,,ab,Entscheiddatum,TT.MM.JJJJ,https://jurisprudence.jura.ch/,Tribuna Publication,,Tribunal Cantonal,,,Juge unique,,,1#JU,,,,,JU 181.1,
JU_TC_002,2,JU_Gerichte,,ab,Entscheiddatum,TT.MM.JJJJ,https://jurisprudence.jura.ch/,Tribuna Publication,,Tribunal Cantonal,,,Cour civile,,,1#CC,,,,,JU 181.1,
JU_TC_003,3,JU_Gerichte,,ab,Entscheiddatum,TT.MM.JJJJ,https://jurisprudence.jura.ch/,Tribuna Publication,,Tribunal Cantonal,,,Cour pénale,,Cour pénale,1#CP,,,,,JU 181.1,
JU_TC_004,4,JU_Gerichte,,ab,Entscheiddatum,TT.MM.JJJJ,https://jurisprudence.jura.ch/,Tribuna Publication,,Tribunal Cantonal,,,Chambre pénale des recours,,,1#CPR,,,,,JU 181.1,
JU_TC_005,5,JU_Gerichte,,ab,Entscheiddatum,TT.MM.JJJJ,https://jurisprudence.jura.ch/,Tribuna Publication,,Tribunal Cantonal,,,Cour administrative,,,1#ADM,,,,,JU 181.1,
JU_TC_006,6,JU_Gerichte,,ab,Entscheiddatum,TT.MM.JJJJ,https://jurisprudence.jura.ch/,Tribuna Publication,,Tribunal Cantonal,,,Chambre des assurances,,Chambre des assurances|Cour des assurances,1#ASS,,,,,JU 181.1,
JU_TC_007,7,JU_Gerichte,,ab,Entscheiddatum,TT.MM.JJJJ,https://jurisprudence.jura.ch/,Tribuna Publication,,Tribunal Cantonal,,,Cour des poursuites et faillites,,,1#CPF,,,,,JU 181.1,
JU_TC_008,8,JU_Gerichte,,ab,Entscheiddatum,TT.MM.JJJJ,https://jurisprudence.jura.ch/,Tribuna Publication,,Tribunal Cantonal,,,Tribunal arbitral,,,1#ARB,,,,,JU 181.1,
JU_TC_009,9,JU_Gerichte,,ab,Entscheiddatum,TT.MM.JJJJ,https://jurisprudence.jura.ch/,Tribuna Publication,,Tribunal Cantonal,,,Affaires contentieuses,,,1#CA,,,,,JU 181.1,
JU_TC_010,10,JU_Gerichte,,ab,Entscheiddatum,TT.MM.JJJJ,https://jurisprudence.jura.ch/,Tribuna Publication,,Tribunal Cantonal,,,Cour constitutionnelle,,,1#CON,,,,,JU 181.1,
JU_TC_011,11,JU_Gerichte,,ab,Entscheiddatum,TT.MM.JJJJ,https://jurisprudence.jura.ch/,Tribuna Publication,,Tribunal Cantonal,,,Affaires civiles,,,1#CIV,,,,,JU 181.1,
JU_TC_999,12,JU_Gerichte,,ab,Entscheiddatum,TT.MM.JJJJ,,,,Tribunal Cantonal,,,Autres Cours,,,,,,,,JU 181.1,
JU_TPI_006,18,JU_Gerichte,,ab,Entscheiddatum,TT.MM.JJJJ,https://jurisprudence.jura.ch/,Tribuna Publication,,Tribunal de première instance,,,Tribunal pénal,,,1#TPI,,,,,JU 181.1,
JU_TPI_007,19,JU_Gerichte,,ab,Entscheiddatum,TT.MM.JJJJ,https://jurisprudence.jura.ch/,Tribuna Publication,,Tribunal de première instance,,,Juge administratif,,,,,,,,JU 181.1,
JU_TPI_999,20,,,,,,,,,Tribunal de première instance,,,Autres Juges,,,,,,,,JU 181.1,
JU_MP_001,21,,,,,,,,,Ministère public,,,,,,,,,,,JU 181.1,
JU_TM_001,22,,,,,,,,,Tribunal des mineurs,,,,,,,,,,,JU 181.1,
JU_CA_001,23,,,,,,,,,Chambre des avocats,,,,,,,,,,,JU 188.11,
JU_CN_001,24,,,,,,,,,Chambre des notaires,,,,,,,,,,,JU 189.111,
JU_CSM_001,25,,,,,,,,,Conseil de surveillance de la magistrature,,,,,,,,,,,JU 181.112,
JU_PPDT_001,26,,,,,,https://www.jura.ch/JUST/Commission-cantonale-de-la-protection-des-donnees.html,Commission cantonale de la protection des données,,Commission cantonale de la protection des données,,,,,,,,,,,,Aktiv bis (31.12.2012)
JU_GO_001,27,,,,,,,,,Gouvernement,,,,,,,,,,,JU 175.1,
JU_AA_001,28,,,,,,,,,Autorités administratives,,,,,,,,,,,JU 175.1,
JU_CCRI_001,39,,,,,,,,,Commission cantonale des recours en matière d'impôts,,,,,,,,,,,JU 175.1,
JU_UPL_001,98,XX_Upload,,,,,,Upload,Upload,,,,,,,,,,,,,
JU_XX_001,99,,,,,,,,,Autres,,,,,,,,,,,,
LU_SB_001,1,,,,,,,,Schlichtungsbehörden,,,Friedenrichtern,,,,,,,,,LU 260,
LU_SB_002,2,,,,,,,,Schlichtungsbehörden,,,Schlichtungsbehörde Miete und Pacht,,,,,,,,,LU 260,
LU_SB_003,3,,,,,,,,Schlichtungsbehörden,,,Schlichtungsbehörde Arbeit,,,,,,,,,LU 260,
LU_SB_004,4,,,,,,,,Schlichtungsbehörden,,,Schlichtungsbehörde Gleichstellung,,,,,,,,,LU 260,
LU_AG_001,5,,,,,,https://gerichte.lu.ch/recht_sprechung/lgve,Luzerner Gerichts- und Verwaltungsentscheide,Arbeitsgericht,,,,,,,,,,,,LU 260,
LU_BZG_001,6,LU_Gerichte,,,,,https://gerichte.lu.ch/recht_sprechung/lgve,Luzerner Gerichts- und Verwaltungsentscheide,Erstinstanzliche Gerichte,,,,,,,,,,,,LU 260,
LU_JUG_001,7,,,,,,https://gerichte.lu.ch/recht_sprechung/lgve,Luzerner Gerichts- und Verwaltungsentscheide,Jugendgericht,,,,,,,,,,,,LU 260,
LU_KG_001,8,,,,,,https://gerichte.lu.ch/recht_sprechung/lgve,Luzerner Gerichts- und Verwaltungsentscheide,Kriminalgericht,,,,,,,,,,,,LU 260,
LU_EK_001,9,,,,,,https://gerichte.lu.ch/recht_sprechung/lgve,Luzerner Gerichts- und Verwaltungsentscheide,Schätzungskommission nach Enteignungsgesetz,,,,,,,,,,,,LU 730,
LU_WSSK_001,10,,,,,,https://gerichte.lu.ch/recht_sprechung/lgve,Luzerner Gerichts- und Verwaltungsentscheide,Wildschaden-Schätzungskommission,,,,,,,,,,,,LU 725,
LU_ZMG_001,11,,,,,,https://gerichte.lu.ch/recht_sprechung/lgve,Luzerner Gerichts- und Verwaltungsentscheide,Zwangsmassnahmengericht,,,,,,,,,,,,LU 260,
LU_KG_001,12,LU_Gerichte,,,,,https://gerichte.lu.ch/recht_sprechung/lgve,Luzerner Gerichts- und Verwaltungsentscheide,Kantonsgericht,,,1. Abteilung,,,,,,,,,LU 260,
LU_KG_002,13,LU_Gerichte,,,,,https://gerichte.lu.ch/recht_sprechung/lgve,Luzerner Gerichts- und Verwaltungsentscheide,Kantonsgericht,,,2. Abteilung,,,,,,,,,LU 260,
LU_KG_003,14,LU_Gerichte,,,,,https://gerichte.lu.ch/recht_sprechung/lgve,Luzerner Gerichts- und Verwaltungsentscheide,Kantonsgericht,,,3. Abteilung,,,,,,,,,LU 260,
LU_KG_004,15,LU_Gerichte,,,,,https://gerichte.lu.ch/recht_sprechung/lgve,Luzerner Gerichts- und Verwaltungsentscheide,Kantonsgericht,,,4. Abteilung,,,,,,,,,LU 260,
LU_KG_005,16,LU_Gerichte,,,,,https://gerichte.lu.ch/recht_sprechung/lgve,Luzerner Gerichts- und Verwaltungsentscheide,Kantonsgericht,,,5. Abteilung,,,,,,,,,LU 260,
LU_KG_999,17,LU_Gerichte,,,,,https://gerichte.lu.ch/recht_sprechung/lgve,Luzerner Gerichts- und Verwaltungsentscheide,Kantonsgericht,,,sonstige,,,,,,,,,LU 260,
LU_SA_001,18,,,,,,,,Staatsanwaltschaft,,,,,,,,,,,,LU 275,
LU_SRK_001,19,,,,,,,,Steuerkommission,,,,,,,,,,,,LU 620,
LU_RR_001,20,LU_Gerichte,,,,,https://gerichte.lu.ch/recht_sprechung/lgve,Luzerner Gerichts- und Verwaltungsentscheide,Regierungsrat,,,,,,,,,,,,LU 40,
LU_JSD_001,21,LU_Gerichte,,,,,https://gerichte.lu.ch/recht_sprechung/lgve,Luzerner Gerichts- und Verwaltungsentscheide,Justiz- und Sicherheitsdepartement,,,,,,,,,,,,LU 40,
LU_BKD_001,22,LU_Gerichte,,,,,https://gerichte.lu.ch/recht_sprechung/lgve,Luzerner Gerichts- und Verwaltungsentscheide,Bildungs- und Kulturdepartement,,,,,,,,,,,,,
LU_GSD_001,23,LU_Gerichte,,,,,https://gerichte.lu.ch/recht_sprechung/lgve,Luzerner Gerichts- und Verwaltungsentscheide,Gesundheits- und Sozialdepartement,,,,,,,,,,,,,
LU_RSH_001,24,LU_Gerichte,,,,,https://gerichte.lu.ch/recht_sprechung/lgve,Luzerner Gerichts- und Verwaltungsentscheide,Regierungsstatthalter,,,,,,,,,,,,,
LU_AUK_001,25,LU_Gerichte,,,,,https://gerichte.lu.ch/recht_sprechung/lgve,Luzerner Gerichts- und Verwaltungsentscheide,Aufsichtsbehörden und Kommissionen,,,,,,,,,,,,,
LU_UPL_001,98,XX_Upload,,,,,,Upload,Upload,,,,,,,,,,,,,
LU_XX_999,99,,,,,,,,Sostiges,,,,,,,,,,,,,
NE_TC_001,1,NE_Omni,,ab,Entscheiddatum,jjjj-mm-tt,"http://jurisprudence.ne.ch/scripts/omnisapi.dll?OmnisPlatform=WINDOWS&WebServerUrl=jurisprudence.ne.ch&WebServerScript=/scripts/omnisapi.dll&OmnisLibrary=JURISWEB&OmnisClass=rtFindinfoWebHtmlService&OmnisServer=JURISWEB,localhost:7000&Aufruf=loadTemplate&cTemplate=search.html&Schema=NE_WEB&cSprache=FRE&Parametername=NEWEB&nAnzahlTrefferProSeite=5&nSeite=1&bSelectAll=1&bInstanzInt=all",Jurisprudence du tribunal cantonal,,Tribunal Cantonal,,,"Cour Civile, Cour civile au sens strict",,,1#CC|1#CCIV,,,,,NE 161.1,
NE_TC_002,2,NE_Omni,,ab,Entscheiddatum,jjjj-mm-tt,"http://jurisprudence.ne.ch/scripts/omnisapi.dll?OmnisPlatform=WINDOWS&WebServerUrl=jurisprudence.ne.ch&WebServerScript=/scripts/omnisapi.dll&OmnisLibrary=JURISWEB&OmnisClass=rtFindinfoWebHtmlService&OmnisServer=JURISWEB,localhost:7000&Aufruf=loadTemplate&cTemplate=search.html&Schema=NE_WEB&cSprache=FRE&Parametername=NEWEB&nAnzahlTrefferProSeite=5&nSeite=1&bSelectAll=1&bInstanzInt=all",Jurisprudence du tribunal cantonal,,Tribunal Cantonal,,,"Cour Civile, Cour d'appel",,,1#CACIV,,,,,NE 161.1,
NE_TC_003,3,NE_Omni,,ab,Entscheiddatum,jjjj-mm-tt,"http://jurisprudence.ne.ch/scripts/omnisapi.dll?OmnisPlatform=WINDOWS&WebServerUrl=jurisprudence.ne.ch&WebServerScript=/scripts/omnisapi.dll&OmnisLibrary=JURISWEB&OmnisClass=rtFindinfoWebHtmlService&OmnisServer=JURISWEB,localhost:7000&Aufruf=loadTemplate&cTemplate=search.html&Schema=NE_WEB&cSprache=FRE&Parametername=NEWEB&nAnzahlTrefferProSeite=5&nSeite=1&bSelectAll=1&bInstanzInt=all",Jurisprudence du tribunal cantonal,,Tribunal Cantonal,,,Cour de cassation pénale,,,1#CCP,,,,,,
NE_TC_004,4,NE_Omni,,ab,Entscheiddatum,jjjj-mm-tt,"http://jurisprudence.ne.ch/scripts/omnisapi.dll?OmnisPlatform=WINDOWS&WebServerUrl=jurisprudence.ne.ch&WebServerScript=/scripts/omnisapi.dll&OmnisLibrary=JURISWEB&OmnisClass=rtFindinfoWebHtmlService&OmnisServer=JURISWEB,localhost:7000&Aufruf=loadTemplate&cTemplate=search.html&Schema=NE_WEB&cSprache=FRE&Parametername=NEWEB&nAnzahlTrefferProSeite=5&nSeite=1&bSelectAll=1&bInstanzInt=all",Jurisprudence du tribunal cantonal,,Tribunal Cantonal,,,"Cour Civile, Autorité de recours en matière civile",,,1#ARMC,,,,,NE 161.1,
NE_TC_005,5,NE_Omni,,ab,Entscheiddatum,jjjj-mm-tt,"http://jurisprudence.ne.ch/scripts/omnisapi.dll?OmnisPlatform=WINDOWS&WebServerUrl=jurisprudence.ne.ch&WebServerScript=/scripts/omnisapi.dll&OmnisLibrary=JURISWEB&OmnisClass=rtFindinfoWebHtmlService&OmnisServer=JURISWEB,localhost:7000&Aufruf=loadTemplate&cTemplate=search.html&Schema=NE_WEB&cSprache=FRE&Parametername=NEWEB&nAnzahlTrefferProSeite=5&nSeite=1&bSelectAll=1&bInstanzInt=all",Jurisprudence du tribunal cantonal,,Tribunal Cantonal,,,Cour de cassation civile,,,1#CCC,,,,,,
NE_TC_006,6,NE_Omni,,ab,Entscheiddatum,jjjj-mm-tt,"http://jurisprudence.ne.ch/scripts/omnisapi.dll?OmnisPlatform=WINDOWS&WebServerUrl=jurisprudence.ne.ch&WebServerScript=/scripts/omnisapi.dll&OmnisLibrary=JURISWEB&OmnisClass=rtFindinfoWebHtmlService&OmnisServer=JURISWEB,localhost:7000&Aufruf=loadTemplate&cTemplate=search.html&Schema=NE_WEB&cSprache=FRE&Parametername=NEWEB&nAnzahlTrefferProSeite=5&nSeite=1&bSelectAll=1&bInstanzInt=all",Jurisprudence du tribunal cantonal,,Tribunal Cantonal,,,"Cour Civile, Chambre des affaires arbitrales",,,1#CHAR,,,,,NE 161.1,
NE_TC_007,7,NE_Omni,,ab,Entscheiddatum,jjjj-mm-tt,"http://jurisprudence.ne.ch/scripts/omnisapi.dll?OmnisPlatform=WINDOWS&WebServerUrl=jurisprudence.ne.ch&WebServerScript=/scripts/omnisapi.dll&OmnisLibrary=JURISWEB&OmnisClass=rtFindinfoWebHtmlService&OmnisServer=JURISWEB,localhost:7000&Aufruf=loadTemplate&cTemplate=search.html&Schema=NE_WEB&cSprache=FRE&Parametername=NEWEB&nAnzahlTrefferProSeite=5&nSeite=1&bSelectAll=1&bInstanzInt=all",Jurisprudence du tribunal cantonal,,Tribunal Cantonal,,,Cour des mesures de protection de l'enfant et de l'adulte,,,1#CMPEA,,,,,NE 161.1,
NE_TC_008,8,NE_Omni,,ab,Entscheiddatum,jjjj-mm-tt,"http://jurisprudence.ne.ch/scripts/omnisapi.dll?OmnisPlatform=WINDOWS&WebServerUrl=jurisprudence.ne.ch&WebServerScript=/scripts/omnisapi.dll&OmnisLibrary=JURISWEB&OmnisClass=rtFindinfoWebHtmlService&OmnisServer=JURISWEB,localhost:7000&Aufruf=loadTemplate&cTemplate=search.html&Schema=NE_WEB&cSprache=FRE&Parametername=NEWEB&nAnzahlTrefferProSeite=5&nSeite=1&bSelectAll=1&bInstanzInt=all",Jurisprudence du tribunal cantonal,,Tribunal Cantonal,,,Autorité de recours en matière pénale,,,1#ARMP,,,,,NE 161.1,
NE_TC_009,9,NE_Omni,,ab,Entscheiddatum,jjjj-mm-tt,"http://jurisprudence.ne.ch/scripts/omnisapi.dll?OmnisPlatform=WINDOWS&WebServerUrl=jurisprudence.ne.ch&WebServerScript=/scripts/omnisapi.dll&OmnisLibrary=JURISWEB&OmnisClass=rtFindinfoWebHtmlService&OmnisServer=JURISWEB,localhost:7000&Aufruf=loadTemplate&cTemplate=search.html&Schema=NE_WEB&cSprache=FRE&Parametername=NEWEB&nAnzahlTrefferProSeite=5&nSeite=1&bSelectAll=1&bInstanzInt=all",Jurisprudence du tribunal cantonal,,Tribunal Cantonal,,,Cour pénale,,,1#CPEN,,,,,NE 161.1,
NE_TC_010,10,NE_Omni,,ab,Entscheiddatum,jjjj-mm-tt,"http://jurisprudence.ne.ch/scripts/omnisapi.dll?OmnisPlatform=WINDOWS&WebServerUrl=jurisprudence.ne.ch&WebServerScript=/scripts/omnisapi.dll&OmnisLibrary=JURISWEB&OmnisClass=rtFindinfoWebHtmlService&OmnisServer=JURISWEB,localhost:7000&Aufruf=loadTemplate&cTemplate=search.html&Schema=NE_WEB&cSprache=FRE&Parametername=NEWEB&nAnzahlTrefferProSeite=5&nSeite=1&bSelectAll=1&bInstanzInt=all",Jurisprudence du tribunal cantonal,,Tribunal Cantonal,,,Chambre d'accusation,,,1#CHAC,,,,,,
NE_TC_011,11,NE_Omni,,ab,Entscheiddatum,jjjj-mm-tt,"http://jurisprudence.ne.ch/scripts/omnisapi.dll?OmnisPlatform=WINDOWS&WebServerUrl=jurisprudence.ne.ch&WebServerScript=/scripts/omnisapi.dll&OmnisLibrary=JURISWEB&OmnisClass=rtFindinfoWebHtmlService&OmnisServer=JURISWEB,localhost:7000&Aufruf=loadTemplate&cTemplate=search.html&Schema=NE_WEB&cSprache=FRE&Parametername=NEWEB&nAnzahlTrefferProSeite=5&nSeite=1&bSelectAll=1&bInstanzInt=all",Jurisprudence du tribunal cantonal,,Tribunal Cantonal,,,Cour d'assises,,,1#CA,,,,,,
NE_TC_012,12,NE_Omni,,ab,Entscheiddatum,jjjj-mm-tt,"http://jurisprudence.ne.ch/scripts/omnisapi.dll?OmnisPlatform=WINDOWS&WebServerUrl=jurisprudence.ne.ch&WebServerScript=/scripts/omnisapi.dll&OmnisLibrary=JURISWEB&OmnisClass=rtFindinfoWebHtmlService&OmnisServer=JURISWEB,localhost:7000&Aufruf=loadTemplate&cTemplate=search.html&Schema=NE_WEB&cSprache=FRE&Parametername=NEWEB&nAnzahlTrefferProSeite=5&nSeite=1&bSelectAll=1&bInstanzInt=all",Jurisprudence du tribunal cantonal,,Tribunal Cantonal,,,Cour de droit public,,,1#CDP,,,,,NE 161.1,
NE_TC_013,13,NE_Omni,,ab,Entscheiddatum,jjjj-mm-tt,"http://jurisprudence.ne.ch/scripts/omnisapi.dll?OmnisPlatform=WINDOWS&WebServerUrl=jurisprudence.ne.ch&WebServerScript=/scripts/omnisapi.dll&OmnisLibrary=JURISWEB&OmnisClass=rtFindinfoWebHtmlService&OmnisServer=JURISWEB,localhost:7000&Aufruf=loadTemplate&cTemplate=search.html&Schema=NE_WEB&cSprache=FRE&Parametername=NEWEB&nAnzahlTrefferProSeite=5&nSeite=1&bSelectAll=1&bInstanzInt=all",Jurisprudence du tribunal cantonal,,Tribunal Cantonal,,,Tribunal administratif,,,1#TA,,,,,,
NE_TC_014,14,NE_Omni,,ab,Entscheiddatum,jjjj-mm-tt,"http://jurisprudence.ne.ch/scripts/omnisapi.dll?OmnisPlatform=WINDOWS&WebServerUrl=jurisprudence.ne.ch&WebServerScript=/scripts/omnisapi.dll&OmnisLibrary=JURISWEB&OmnisClass=rtFindinfoWebHtmlService&OmnisServer=JURISWEB,localhost:7000&Aufruf=loadTemplate&cTemplate=search.html&Schema=NE_WEB&cSprache=FRE&Parametername=NEWEB&nAnzahlTrefferProSeite=5&nSeite=1&bSelectAll=1&bInstanzInt=all",Jurisprudence du tribunal cantonal,,Tribunal Cantonal,,,"Tribunal arbitral (selon les articles 89 LAMal, 27bis LAI, 57 LAA et 27 LAM)",,,1#TARB,,,,,NE 161.1,
NE_TC_015,15,NE_Omni,,ab,Entscheiddatum,jjjj-mm-tt,"http://jurisprudence.ne.ch/scripts/omnisapi.dll?OmnisPlatform=WINDOWS&WebServerUrl=jurisprudence.ne.ch&WebServerScript=/scripts/omnisapi.dll&OmnisLibrary=JURISWEB&OmnisClass=rtFindinfoWebHtmlService&OmnisServer=JURISWEB,localhost:7000&Aufruf=loadTemplate&cTemplate=search.html&Schema=NE_WEB&cSprache=FRE&Parametername=NEWEB&nAnzahlTrefferProSeite=5&nSeite=1&bSelectAll=1&bInstanzInt=all",Jurisprudence du tribunal cantonal,,Tribunal Cantonal,,,Hors rôle,,,1#HR,,,,,,
NE_TC_999,16,NE_Omni,,ab,Entscheiddatum,jjjj-mm-tt,"http://jurisprudence.ne.ch/scripts/omnisapi.dll?OmnisPlatform=WINDOWS&WebServerUrl=jurisprudence.ne.ch&WebServerScript=/scripts/omnisapi.dll&OmnisLibrary=JURISWEB&OmnisClass=rtFindinfoWebHtmlService&OmnisServer=JURISWEB,localhost:7000&Aufruf=loadTemplate&cTemplate=search.html&Schema=NE_WEB&cSprache=FRE&Parametername=NEWEB&nAnzahlTrefferProSeite=5&nSeite=1&bSelectAll=1&bInstanzInt=all",Jurisprudence du tribunal cantonal,,Tribunal Cantonal,,,Autres,,,,,,,,,
NE_TR_001,20,NE_Omni,,ab,Entscheiddatum,jjjj-mm-tt,"http://jurisprudence.ne.ch/scripts/omnisapi.dll?OmnisPlatform=WINDOWS&WebServerUrl=jurisprudence.ne.ch&WebServerScript=/scripts/omnisapi.dll&OmnisLibrary=JURISWEB&OmnisClass=rtFindinfoWebHtmlService&OmnisServer=JURISWEB,localhost:7000&Aufruf=loadTemplate&cTemplate=search.html&Schema=NE_WEB&cSprache=FRE&Parametername=NEWEB&nAnzahlTrefferProSeite=5&nSeite=1&bSelectAll=1&bInstanzInt=all",Jurisprudence du tribunal cantonal,,Tribunaux régional - Civil,,,,,,1#PSIM|1#ML|1#MP|1#TRAV|1#PORD|1#PECF,,,,,NE 161.1,
NE_TR_002,21,NE_Omni,,ab,Entscheiddatum,jjjj-mm-tt,"http://jurisprudence.ne.ch/scripts/omnisapi.dll?OmnisPlatform=WINDOWS&WebServerUrl=jurisprudence.ne.ch&WebServerScript=/scripts/omnisapi.dll&OmnisLibrary=JURISWEB&OmnisClass=rtFindinfoWebHtmlService&OmnisServer=JURISWEB,localhost:7000&Aufruf=loadTemplate&cTemplate=search.html&Schema=NE_WEB&cSprache=FRE&Parametername=NEWEB&nAnzahlTrefferProSeite=5&nSeite=1&bSelectAll=1&bInstanzInt=all",Jurisprudence du tribunal cantonal,,Tribunaux régional - Pénal,,,,,,1#POL,,,,,NE 161.1,
NE_ARA_001,22,NE_Omni,,ab,Entscheiddatum,jjjj-mm-tt,"http://jurisprudence.ne.ch/scripts/omnisapi.dll?OmnisPlatform=WINDOWS&WebServerUrl=jurisprudence.ne.ch&WebServerScript=/scripts/omnisapi.dll&OmnisLibrary=JURISWEB&OmnisClass=rtFindinfoWebHtmlService&OmnisServer=JURISWEB,localhost:7000&Aufruf=loadTemplate&cTemplate=search.html&Schema=NE_WEB&cSprache=FRE&Parametername=NEWEB&nAnzahlTrefferProSeite=5&nSeite=1&bSelectAll=1&bInstanzInt=all",Jurisprudence du tribunal cantonal,,"Autorité de recours des avocates, des avocats et du notariat",,,,,,1#ARAN,,,,,,
NE_ASL_001,23,NE_Omni,,ab,Entscheiddatum,jjjj-mm-tt,"http://jurisprudence.ne.ch/scripts/omnisapi.dll?OmnisPlatform=WINDOWS&WebServerUrl=jurisprudence.ne.ch&WebServerScript=/scripts/omnisapi.dll&OmnisLibrary=JURISWEB&OmnisClass=rtFindinfoWebHtmlService&OmnisServer=JURISWEB,localhost:7000&Aufruf=loadTemplate&cTemplate=search.html&Schema=NE_WEB&cSprache=FRE&Parametername=NEWEB&nAnzahlTrefferProSeite=5&nSeite=1&bSelectAll=1&bInstanzInt=all",Jurisprudence du tribunal cantonal,,Autorité de surveillance LP,,,,,,1#ASLP,,,,,,
NE_ASS_001,24,NE_Omni,,ab,Entscheiddatum,jjjj-mm-tt,"http://jurisprudence.ne.ch/scripts/omnisapi.dll?OmnisPlatform=WINDOWS&WebServerUrl=jurisprudence.ne.ch&WebServerScript=/scripts/omnisapi.dll&OmnisLibrary=JURISWEB&OmnisClass=rtFindinfoWebHtmlService&OmnisServer=JURISWEB,localhost:7000&Aufruf=loadTemplate&cTemplate=search.html&Schema=NE_WEB&cSprache=FRE&Parametername=NEWEB&nAnzahlTrefferProSeite=5&nSeite=1&bSelectAll=1&bInstanzInt=all",Jurisprudence du tribunal cantonal,,Autorité supérieure de surveillance LP,,,,,,1#ASSLP,,,,,,
NE_ATS_001,25,NE_Omni,,ab,Entscheiddatum,jjjj-mm-tt,"http://jurisprudence.ne.ch/scripts/omnisapi.dll?OmnisPlatform=WINDOWS&WebServerUrl=jurisprudence.ne.ch&WebServerScript=/scripts/omnisapi.dll&OmnisLibrary=JURISWEB&OmnisClass=rtFindinfoWebHtmlService&OmnisServer=JURISWEB,localhost:7000&Aufruf=loadTemplate&cTemplate=search.html&Schema=NE_WEB&cSprache=FRE&Parametername=NEWEB&nAnzahlTrefferProSeite=5&nSeite=1&bSelectAll=1&bInstanzInt=all",Jurisprudence du tribunal cantonal,,Autorité tutélaire de surveillance,,,,,,1#ATS,,,,,,
NE_CA_001,26,NE_Omni,,ab,Entscheiddatum,jjjj-mm-tt,"http://jurisprudence.ne.ch/scripts/omnisapi.dll?OmnisPlatform=WINDOWS&WebServerUrl=jurisprudence.ne.ch&WebServerScript=/scripts/omnisapi.dll&OmnisLibrary=JURISWEB&OmnisClass=rtFindinfoWebHtmlService&OmnisServer=JURISWEB,localhost:7000&Aufruf=loadTemplate&cTemplate=search.html&Schema=NE_WEB&cSprache=FRE&Parametername=NEWEB&nAnzahlTrefferProSeite=5&nSeite=1&bSelectAll=1&bInstanzInt=all",Jurisprudence du tribunal cantonal,,Autorité de surveillance des avocats,,,,,,1#ASA,,,,,NE 165.10,
NE_CN_001,27,NE_Omni,,ab,Entscheiddatum,jjjj-mm-tt,"http://jurisprudence.ne.ch/scripts/omnisapi.dll?OmnisPlatform=WINDOWS&WebServerUrl=jurisprudence.ne.ch&WebServerScript=/scripts/omnisapi.dll&OmnisLibrary=JURISWEB&OmnisClass=rtFindinfoWebHtmlService&OmnisServer=JURISWEB,localhost:7000&Aufruf=loadTemplate&cTemplate=search.html&Schema=NE_WEB&cSprache=FRE&Parametername=NEWEB&nAnzahlTrefferProSeite=5&nSeite=1&bSelectAll=1&bInstanzInt=all",Jurisprudence du tribunal cantonal,,Autorité de surveillance du notariat,,,,,,1#NOTA,,,,,,
NE_TR_003,40,,,,,,"http://jurisprudence.ne.ch/scripts/omnisapi.dll?OmnisPlatform=WINDOWS&WebServerUrl=jurisprudence.ne.ch&WebServerScript=/scripts/omnisapi.dll&OmnisLibrary=JURISWEB&OmnisClass=rtFindinfoWebHtmlService&OmnisServer=JURISWEB,localhost:7000&Aufruf=loadTemplate&cTemplate=search.html&Schema=NE_WEB&cSprache=FRE&Parametername=NEWEB&nAnzahlTrefferProSeite=5&nSeite=1&bSelectAll=1&bInstanzInt=all",Jurisprudence du tribunal cantonal,,Tribunaux régional,,,Chambre de conciliation,,,,,,,,NE 161.1,
NE_TC_004,41,,,,,,"http://jurisprudence.ne.ch/scripts/omnisapi.dll?OmnisPlatform=WINDOWS&WebServerUrl=jurisprudence.ne.ch&WebServerScript=/scripts/omnisapi.dll&OmnisLibrary=JURISWEB&OmnisClass=rtFindinfoWebHtmlService&OmnisServer=JURISWEB,localhost:7000&Aufruf=loadTemplate&cTemplate=search.html&Schema=NE_WEB&cSprache=FRE&Parametername=NEWEB&nAnzahlTrefferProSeite=5&nSeite=1&bSelectAll=1&bInstanzInt=all",Jurisprudence du tribunal cantonal,,Tribunal Cantonal,,,"Cour Civile, Autorité supérieure de surveillance en matière de poursuites et faillites",,,,,,,,NE 161.1,
NE_TDI_001,42,,,,,,"http://jurisprudence.ne.ch/scripts/omnisapi.dll?OmnisPlatform=WINDOWS&WebServerUrl=jurisprudence.ne.ch&WebServerScript=/scripts/omnisapi.dll&OmnisLibrary=JURISWEB&OmnisClass=rtFindinfoWebHtmlService&OmnisServer=JURISWEB,localhost:7000&Aufruf=loadTemplate&cTemplate=search.html&Schema=NE_WEB&cSprache=FRE&Parametername=NEWEB&nAnzahlTrefferProSeite=5&nSeite=1&bSelectAll=1&bInstanzInt=all",Jurisprudence du tribunal cantonal,,Tribunal d'instance,,,,,,,,,,,NE 161.1,
NE_TR_010,43,,,,,,"http://jurisprudence.ne.ch/scripts/omnisapi.dll?OmnisPlatform=WINDOWS&WebServerUrl=jurisprudence.ne.ch&WebServerScript=/scripts/omnisapi.dll&OmnisLibrary=JURISWEB&OmnisClass=rtFindinfoWebHtmlService&OmnisServer=JURISWEB,localhost:7000&Aufruf=loadTemplate&cTemplate=search.html&Schema=NE_WEB&cSprache=FRE&Parametername=NEWEB&nAnzahlTrefferProSeite=5&nSeite=1&bSelectAll=1&bInstanzInt=all",Jurisprudence du tribunal cantonal,,Tribunaux régional,,,Tribunal des mesures de contrainte,,,,,,,,NE 161.1,
NE_TR_011,44,,,,,,"http://jurisprudence.ne.ch/scripts/omnisapi.dll?OmnisPlatform=WINDOWS&WebServerUrl=jurisprudence.ne.ch&WebServerScript=/scripts/omnisapi.dll&OmnisLibrary=JURISWEB&OmnisClass=rtFindinfoWebHtmlService&OmnisServer=JURISWEB,localhost:7000&Aufruf=loadTemplate&cTemplate=search.html&Schema=NE_WEB&cSprache=FRE&Parametername=NEWEB&nAnzahlTrefferProSeite=5&nSeite=1&bSelectAll=1&bInstanzInt=all",Jurisprudence du tribunal cantonal,,Tribunaux régional,,,Autres,,,,,,,,NE 161.1,
NE_TR_012,45,,,,,,"http://jurisprudence.ne.ch/scripts/omnisapi.dll?OmnisPlatform=WINDOWS&WebServerUrl=jurisprudence.ne.ch&WebServerScript=/scripts/omnisapi.dll&OmnisLibrary=JURISWEB&OmnisClass=rtFindinfoWebHtmlService&OmnisServer=JURISWEB,localhost:7000&Aufruf=loadTemplate&cTemplate=search.html&Schema=NE_WEB&cSprache=FRE&Parametername=NEWEB&nAnzahlTrefferProSeite=5&nSeite=1&bSelectAll=1&bInstanzInt=all",Jurisprudence du tribunal cantonal,,Tribunaux régional,,,Autorité de protection de l'enfant et de l'adulte,,,,,,,,NE 161.1,
NE_TR_013,46,,,,,,"http://jurisprudence.ne.ch/scripts/omnisapi.dll?OmnisPlatform=WINDOWS&WebServerUrl=jurisprudence.ne.ch&WebServerScript=/scripts/omnisapi.dll&OmnisLibrary=JURISWEB&OmnisClass=rtFindinfoWebHtmlService&OmnisServer=JURISWEB,localhost:7000&Aufruf=loadTemplate&cTemplate=search.html&Schema=NE_WEB&cSprache=FRE&Parametername=NEWEB&nAnzahlTrefferProSeite=5&nSeite=1&bSelectAll=1&bInstanzInt=all",Jurisprudence du tribunal cantonal,,Tribunaux régional,,,Tribunal pénal des mineurs,,,,,,,,NE 161.1,
NE_TR_014,47,,,,,,"http://jurisprudence.ne.ch/scripts/omnisapi.dll?OmnisPlatform=WINDOWS&WebServerUrl=jurisprudence.ne.ch&WebServerScript=/scripts/omnisapi.dll&OmnisLibrary=JURISWEB&OmnisClass=rtFindinfoWebHtmlService&OmnisServer=JURISWEB,localhost:7000&Aufruf=loadTemplate&cTemplate=search.html&Schema=NE_WEB&cSprache=FRE&Parametername=NEWEB&nAnzahlTrefferProSeite=5&nSeite=1&bSelectAll=1&bInstanzInt=all",Jurisprudence du tribunal cantonal,,Tribunaux régional,,,Tribunal de police,,,,,,,,NE 161.1,
NE_MP_001,48,,,,,,,,,Ministère public,,,,,,,,,,,NE 161.1,
NE_CM_001,49,,,,,,,,,Conseil de la magistrature,,,,,,,,,,,NE 162.7,
NE_GO_001,50,,,,,,,,,Conseil d'Etat,,,,,,,,,,,NE 152.130,
NE_AA_001,51,,,,,,,,,Autorités administratives,,,,,,,,,,,NE 152.130,
NE_CE_001,52,,,,,,,,,Commission d'estimation,,,,,,,,,,,NE 710,
NE_UPL_001,98,XX_Upload,,,,,,Upload,Upload,,,,,,,,,,,,,
NE_XX_001,99,,,,,,,,,Autres,,,,,,,,,,,,
NW_SBZS_001,1,,,,,,,,Schlichtungsbehörde in Zivilsachen,,,,,,,,,,,,NW 261.1,
NW_KG_001,2,,,,,,,,Kantonsgericht,,,Zwangmassnahmengericht,,,,,,,,,NW 261.1,
NW_KG_002,3,,,,,,,,Kantonsgericht,,,Zivilsachen,,,,,,,,,NW 261.1,
NW_KG_003,4,,,,,,,,Kantonsgericht,,,Strafsachen,,,,,,,,,NW 261.1,
NW_KG_004,5,,,,,,,,Kantonsgericht,,,Jugendstrafrecht,,,,,,,,,NW 261.1,
NW_KG_005,6,,,,,,,,Kantonsgericht,,,Sonstiges,,,,,,,,,,
NW_OG_001,7,NW_Gerichte,,,,,https://www.nw.ch/rechtsprechung,Rechtsprechung,Gerichte,,,,,,,,,,,,NW 261.1,
NW_VG_001,8,,,,,,https://www.nw.ch/rechtsprechung,Rechtsprechung,Verwaltungsgericht,,,,,,,,,,,,NW 261.1,
NW_SA_001,9,,,,,,,,Staatsanwaltschaft,,,,,,,,,,,,NW 261.1,
NW_AK_001,10,,,,,,,,Anwaltskommission,,,,,,,,,,,,NW 267.1,
NW_EK_001,11,,,,,,,,Enteignungskommission,,,,,,,,,,,,NW 266.1,
NW_RR_001,12,,,,,,,,Regierungsrat,,,,,,,,,,,,NW 265.1,
NW_VB_001,13,,,,,,,,Verwaltungsbehörden,,,,,,,,,,,,NW 265.1,
NW_UPL_001,98,XX_Upload,,,,,,Upload,Upload,,,,,,,,,,,,,
NW_XX_001,99,,,,,,,,Sonstiges,,,,,,,,,,,,,
OW_VG_001,1,OW_Gerichte,,,,,http://rechtsprechung.ow.ch/le/,Entscheidpublikation Obwalden,Verwaltungs- und Verwaltungsgerichtsentscheide (VVGE),,,,,,,1#VVGE,,,,,OW 134.1,
OW_OG_001,2,OW_Gerichte,,,,,http://rechtsprechung.ow.ch/le/,,Amtsbericht über die Rechtspflege (AbR),,,,,,,1#AbR,,,,,OW 134.1,
OW_VB_001,3,OW_Gerichte,,,,,http://rechtsprechung.ow.ch/le/,,Gerichts- und Verwaltungsentscheide (OGVE),,,,,,,1#OGVE,,,,,OW 134.1,
OW_SA_001,4,,,,,,http://rechtsprechung.ow.ch/le/,,Saatsanwaltschaft,,,,,,,,,,,,OW 134.1,
OW_ZMG_001,5,,,,,,http://rechtsprechung.ow.ch/le/,,Zwangsmassnahmengericht,,,,,,,,art. 48 OW 134.1,,,,OW 134.1,
OW_JUA_001,6,,,,,,,,Jugendanwaltschaft,,,,,,,,,,,,OW 134.1,
OW_VG_001,7,,,,,,http://rechtsprechung.ow.ch/le/,Entscheidpublikation Obwalden,Verwaltungsgericht,,,,,,,,,,,,OW 134.1,
OW_AK_001,8,,,,,,,,Anwaltskommission,,,,,,,,,,,,OW 134.4,
OW_SK_001,9,,,,,,,,Schätzungskommission,,,,,,,,nach Enteignungsgesetz,,,,OW 760.1,
OW_SRK_001,10,,,,,,,,Steuerrekurskommission,,,,,,,,,,,,OW 641.4,
OW_RR_001,11,,,,,,http://rechtsprechung.ow.ch/le/,Entscheidpublikation Obwalden,Regierungsrat,,,,,,,,,,,,OW 130.1,
OW_VB_001,12,,,,,,http://rechtsprechung.ow.ch/le/,Entscheidpublikation Obwalden,Verwaltungsbehörden,,,,,,,,,,,,OW 130.1,
OW_UPL_001,98,XX_Upload,,,,,,Upload,Upload,,,,,,,,,,,,,
OW_XX_001,999,OW_Gerichte,,,,,http://rechtsprechung.ow.ch/le/,,Sonstiges,,,,,,,,,,,,,
SG_FR_001,1,,,,,,,,Vermittlungsämter,,,,,,,,,,,,SG 941.1,
SG_SBMP_001,2,,,,,,,,Schlichtungsstellen für Miet- und Pachtverhältnisse,,,,,,,,,,,,SG 941.1,
SG_SSAV_001,3,,,,,,,,Schlichtungsstellen für Arbeitsverhältnisse,,,,,,,,,,,,SG 941.1,
SG_SBGG_001,4,,,,,,,,Schlichtungsstelle für Klagen nach dem Gleichstellungsgesetz,,,,,,,,,,,,SG 941.1,
SG_RZMG_001,5,,,,,,,,Regionale Zwangsmassnahmenrichter,,,,,,,,,,,,,
SG_BZG_001,6,,,,,,,,Kreisgerichte,,,Zivilsachen,,,Abteilung,,,,,,SG 941.1,
SG_BZG_002,7,,,,,,,,Kreisgerichte,,,Strafsachen,,,Abteilung,,,,,,SG 941.1,
SG_BZG_003,8,,,,,,,,Kreisgerichte,,,Sonstiges,,,,,,,,,,
SG_KG_001,9,SG_Gerichte,,ab,Entscheiddatum,tt.mm.jjjj,https://publikationen.sg.ch/rechtsprechung-gerichte/,Rechtsprechung Gerichte,Kantonsgericht,,,Strafkammer und Anklagekammer,,,Strafkammer,,,,,,SG 941.1,
SG_KG_002,10,SG_Gerichte,,ab,Entscheiddatum,tt.mm.jjjj,https://publikationen.sg.ch/rechtsprechung-gerichte/,Rechtsprechung Gerichte,Kantonsgericht,,,Zivilkammern (inkl. Einzelrichter),,,Zivilkammer,,,,,,SG 941.1,
SG_KG_999,11,SG_Gerichte,,ab,Entscheiddatum,tt.mm.jjjj,https://publikationen.sg.ch/rechtsprechung-gerichte/,Rechtsprechung Gerichte,Kantonsgericht,,,Sonstiges,,,,,,,,,,
SG_KG_003,22,SG_Gerichte,,ab,Entscheiddatum,tt.mm.jjjj,https://publikationen.sg.ch/rechtsprechung-gerichte/,Rechtsprechung Gerichte,Kantonsgericht,,,Anwaltskammer,,,,,,,,,SG 963.70,
SG_HG_001,12,SG_Gerichte,,ab,Entscheiddatum,tt.mm.jjjj,https://publikationen.sg.ch/rechtsprechung-gerichte/,Rechtsprechung Gerichte,Handelsgericht,,,,,,,,,,,,SG 941.1,
SG_ABSK_001,13,SG_Gerichte,,ab,Entscheiddatum,tt.mm.jjjj,https://publikationen.sg.ch/rechtsprechung-gerichte/,Rechtsprechung Gerichte,Kantonale Aufsichtsbehörde für Schuldbetreibung und Konkurs,,,,,,Schuldbetreibung,,,,,,SG 941.1,
SG_VWEK_001,14,SG_Gerichte,,ab,Entscheiddatum,tt.mm.jjjj,https://publikationen.sg.ch/rechtsprechung-gerichte/,Rechtsprechung Gerichte,Verwaltungsrekurskommission,,,,,,,,,,,,SG 941.1,
SG_VSG_001,15,SG_Gerichte,,ab,Entscheiddatum,tt.mm.jjjj,https://publikationen.sg.ch/rechtsprechung-gerichte/,Rechtsprechung Gerichte,Versicherungsgericht,,,,,,,,,,,,SG 941.1,
SG_VG_001,16,SG_Gerichte,,ab,Entscheiddatum,tt.mm.jjjj,https://publikationen.sg.ch/rechtsprechung-gerichte/,Rechtsprechung Gerichte,Verwaltungsgericht,,,,,,,,,,,,SG 941.1,
SG_KGN_001,17,SG_Publikationen,,,,,https://publikationen.sg.ch/rechtsprechung-departemente/,Rechtsprechung Departemente,Kantonsgericht,,,,,,,,,,,,SG 951.1,
SG_VGN_001,18,SG_Publikationen,,,,,https://publikationen.sg.ch/rechtsprechung-departemente/,Rechtsprechung Departemente,Verwaltungsgericht,,,,,,,,,,,,SG 951.1,
SG_VB_001,18,SG_Publikationen,,,,,https://publikationen.sg.ch/rechtsprechung-departemente/,Rechtsprechung Departemente,Verwaltungsbehörden,,,Baudepartement,,,Baudepartement@Generalsekretariat Baudepartement,,,,,,SG 951.1,
SG_VB_002,19,SG_Publikationen,,,,,https://publikationen.sg.ch/rechtsprechung-departemente/,Rechtsprechung Departemente,Verwaltungsbehörden,,,etc,,,,,,,,,SG 951.1,
SG_KGN_999,20,SG_Publikationen,,,,,https://publikationen.sg.ch/rechtsprechung-departemente/,Sonstige,Sonstiges,,,,,,,,,,,,SG 951.1,
SG_ZMG_001,21,,,,,,,,Zwangsmassnahmengericht,,,,,,,,,,,,SG 962.1,
SG_SA_001,22,,,,,,,,Staatsanwaltschaft,,,,,,,,,,,,SG 962.1,
SG_JUA_001,23,,,,,,,,Jugendanwaltschaft,,,,,,,,,,,,SG 962.2,
SG_SK_001,24,,,,,,,,Schätzungskommission,,,,,,,,,,,,SG 735.1,
SG_UPL_001,98,XX_Upload,,,,,,Upload,Upload,,,,,,,,,,,,,
SG_XX_001,99,,,,,,,,Sonstiges,,,,,,,,,,,,,
SH_AK_001,1,,,,,,,,Aufsichtsbehörde über das Anwaltswesen,,,,,,,,,,,,SH 173.800,
SH_FR_001,2,,,,,,,,Friedensrichteramt,,,,,,,,,,,,SH 173.200,
SH_KG_001,3,,,,,,,,Kantonsgericht,,,Zivilkammer,,,,,,,,,SH 173.200,
SH_KG_002,4,,,,,,,,Kantonsgericht,,,Strafkammer,,,,,,,,,SH 173.200,
SH_KG_003,5,,,,,,,,Kantonsgericht,,,Zwangsmassnahmengericht,,,,,6 Einzelrichter,,,,SH 173.200,
SH_KG_004,6,,,,,,,,Kantonsgericht,,,Sonstiges,,,,,,,,,,
SH_KEBS_001,7,,,,,,,,Kindes- und Erwachsenenschutzbehörde,,,,,,,,,,,,SH 173.200,
SH_KEGB_001,8,,,,,,,,"Kommission für Enteignungen, Gebäudeversicherung und Brandschutz",,,,,,,,,,,,SH 173.200,
SH_SBM_001,9,,,,,,,,Schlichtungsstelle für Mietsachen,,,,,,,,,,,,SH 173.200,
SH_SSDE_001,10,,,,,,,,Schlichtungsstelle bei Diskriminierungen im Erwerbsleben,,,,,,,,,,,,SH 173.200,
SH_WSSK_001,11,,,,,,,,Schätzungskommission für Wildschäden,,,,,,,,,,,,SH 173.200,
SH_OG_001,12,SH_OG,,,,,http://obergerichtsentscheide.sh.ch/,Obergerichtsentscheide des Kantons Schaffhausen,Obergericht,,,,,,,,,,,,SH 173.200,
SH_RKJV_001,13,,,,,,,,Rechtspflegekommission für die Justizverwaltung,,,,,,,,,,,,SH 173.200,
SH_SGSV_001,14,,,,,,,,Schiedsgericht in Sozialversicherungssachen,,,,,,,,,,,,SH 172.200,
SH_SRK_001,15,,,,,,,,Steuerkommission,,,,,,,,,,,,SH 641.100,
SH_SA_001,16,,,,,,,,Staatsanwaltschaft,,,,,,,,,,,,SH 173.200,
SH_LWSG_001,17,,,,,,,,Landwirtschaftliches Schiedsgericht,,,,,,,,,,,,SH 173.200,
SH_RR_001,18,,,,,,,,Regierungsrat,,,,,,,,,,,,SH 172.200,
SH_VB_001,19,,,,,,,,Verwaltungsbehörden,,,,,,,,,,,,SH 172.200,
SH_UPL_001,98,XX_Upload,,,,,,Upload,Upload,,,,,,,,,,,,,
SH_XX_001,99,,,,,,,,Sonstiges,,,,,,,,,,,,,
SO_FR_001,1,,,,,,,,Friedensrichter,,,,,,,,,,,,SO 125.12,
SO_SBMP_001,2,,,,,,,,Schlichtungsbehörden für Miete und Pacht,,,,,,,,,,,,SO 125.12,
SO_SBGG_001,3,,,,,,,,Kantonale Schlichtungsbehörde für Gleichstellung von Frau und Mann,,,,,,,,,,,,SO 125.12,
SO_RA_001,4,,,,,,,,Richterämter,,,Zivilsachen,,,,,,,,,SO 125.12,
SO_RA_002,5,,,,,,,,Richterämter,,,Strafsachen,,,,,,,,,SO 125.12,
SO_RA_003,6,,,,,,,,Richterämter,,,Sonstiges,,,,,,,,,SO 125.12,
SO_OG_001,7,SO_Omni,,ab,Entscheiddatum,tt.mm.jjjj,https://gerichtsentscheide.so.ch/cgi-bin/nph-omniscgi.exe?OmnisPlatform=WINDOWS&WebServerUrl=https://gerichtsentscheide.so.ch&WebServerScript=/cgi-bin/nph-omniscgi.exe&OmnisLibrary=JURISWEB&OmnisClass=rtFindinfoWebHtmlService&OmnisServer=7001&Aufruf=loadTemplate&cTemplate=/simple/search.html&Schema=JGWEB&cSprache=DE&Parametername=WEB&nAnzahlTrefferProSeite=5&nSeite=1&bInstanzInt=all,Gerichtsentscheide,Obergericht,,,Anklagekammer,,,,1#AKBES,,,,,SO 125.12,
SO_OG_002,8,SO_Omni,,ab,Entscheiddatum,tt.mm.jjjj,https://gerichtsentscheide.so.ch/cgi-bin/nph-omniscgi.exe?OmnisPlatform=WINDOWS&WebServerUrl=https://gerichtsentscheide.so.ch&WebServerScript=/cgi-bin/nph-omniscgi.exe&OmnisLibrary=JURISWEB&OmnisClass=rtFindinfoWebHtmlService&OmnisServer=7001&Aufruf=loadTemplate&cTemplate=/simple/search.html&Schema=JGWEB&cSprache=DE&Parametername=WEB&nAnzahlTrefferProSeite=5&nSeite=1&bInstanzInt=all,Gerichtsentscheide,Obergericht,,,Beschwerdekammer,,,,1#BKBES|1#BKAUS,,,,,SO 125.12,
SO_OG_003,9,SO_Omni,,ab,Entscheiddatum,tt.mm.jjjj,https://gerichtsentscheide.so.ch/cgi-bin/nph-omniscgi.exe?OmnisPlatform=WINDOWS&WebServerUrl=https://gerichtsentscheide.so.ch&WebServerScript=/cgi-bin/nph-omniscgi.exe&OmnisLibrary=JURISWEB&OmnisClass=rtFindinfoWebHtmlService&OmnisServer=7001&Aufruf=loadTemplate&cTemplate=/simple/search.html&Schema=JGWEB&cSprache=DE&Parametername=WEB&nAnzahlTrefferProSeite=5&nSeite=1&bInstanzInt=all,Gerichtsentscheide,Obergericht,,,Jugendgerichtskammer,,,,1#ZZ,,,,,SO 125.12,
SO_OG_004,10,SO_Omni,,ab,Entscheiddatum,tt.mm.jjjj,https://gerichtsentscheide.so.ch/cgi-bin/nph-omniscgi.exe?OmnisPlatform=WINDOWS&WebServerUrl=https://gerichtsentscheide.so.ch&WebServerScript=/cgi-bin/nph-omniscgi.exe&OmnisLibrary=JURISWEB&OmnisClass=rtFindinfoWebHtmlService&OmnisServer=7001&Aufruf=loadTemplate&cTemplate=/simple/search.html&Schema=JGWEB&cSprache=DE&Parametername=WEB&nAnzahlTrefferProSeite=5&nSeite=1&bInstanzInt=all,Gerichtsentscheide,Obergericht,,,Zivilkammer,,,,1#ZKBER|1#ZKEIV|1#OGBES|1#ZKBES|#OGERL|1#ZKAPP|1#ZKERL|1#ZKNIB|1#ZKREG,,,,,SO 125.12,
SO_OG_005,11,SO_Omni,,ab,Entscheiddatum,tt.mm.jjjj,https://gerichtsentscheide.so.ch/cgi-bin/nph-omniscgi.exe?OmnisPlatform=WINDOWS&WebServerUrl=https://gerichtsentscheide.so.ch&WebServerScript=/cgi-bin/nph-omniscgi.exe&OmnisLibrary=JURISWEB&OmnisClass=rtFindinfoWebHtmlService&OmnisServer=7001&Aufruf=loadTemplate&cTemplate=/simple/search.html&Schema=JGWEB&cSprache=DE&Parametername=WEB&nAnzahlTrefferProSeite=5&nSeite=1&bInstanzInt=all,Gerichtsentscheide,Obergericht,,,Schuldbetreibungs- und Konkurskammer,,,,1#SCWIF|1#SCBES|1#SCANF,,,,,SO 125.12,
SO_OG_006,12,SO_Omni,,ab,Entscheiddatum,tt.mm.jjjj,https://gerichtsentscheide.so.ch/cgi-bin/nph-omniscgi.exe?OmnisPlatform=WINDOWS&WebServerUrl=https://gerichtsentscheide.so.ch&WebServerScript=/cgi-bin/nph-omniscgi.exe&OmnisLibrary=JURISWEB&OmnisClass=rtFindinfoWebHtmlService&OmnisServer=7001&Aufruf=loadTemplate&cTemplate=/simple/search.html&Schema=JGWEB&cSprache=DE&Parametername=WEB&nAnzahlTrefferProSeite=5&nSeite=1&bInstanzInt=all,Gerichtsentscheide,Obergericht,,,Strafkammer,,,,1#STBER|1#STBEJ|1#STAPA|1#STAPP|1#STBES|1#STDIV|1#STKAJ|1#STKAS|1#STKU|1#STREK|1#STREV,,,,,SO 125.12,
SO_VSG_001,13,SO_Omni,,ab,Entscheiddatum,tt.mm.jjjj,https://gerichtsentscheide.so.ch/cgi-bin/nph-omniscgi.exe?OmnisPlatform=WINDOWS&WebServerUrl=https://gerichtsentscheide.so.ch&WebServerScript=/cgi-bin/nph-omniscgi.exe&OmnisLibrary=JURISWEB&OmnisClass=rtFindinfoWebHtmlService&OmnisServer=7001&Aufruf=loadTemplate&cTemplate=/simple/search.html&Schema=JGWEB&cSprache=DE&Parametername=WEB&nAnzahlTrefferProSeite=5&nSeite=1&bInstanzInt=all,Gerichtsentscheide,Versicherungsgericht,,,,,,,1#VSBES|1#VSKLA,,,,,SO 125.12,
SO_VG_001,14,SO_Omni,,ab,Entscheiddatum,tt.mm.jjjj,https://gerichtsentscheide.so.ch/cgi-bin/nph-omniscgi.exe?OmnisPlatform=WINDOWS&WebServerUrl=https://gerichtsentscheide.so.ch&WebServerScript=/cgi-bin/nph-omniscgi.exe&OmnisLibrary=JURISWEB&OmnisClass=rtFindinfoWebHtmlService&OmnisServer=7001&Aufruf=loadTemplate&cTemplate=/simple/search.html&Schema=JGWEB&cSprache=DE&Parametername=WEB&nAnzahlTrefferProSeite=5&nSeite=1&bInstanzInt=all,Gerichtsentscheide,Verwaltungsgericht,,,,,,,1#VWBES|1#VWKLA|1#VWDIV,,,,,SO 125.12,
SO_SK_001,15,SO_Omni,,ab,Entscheiddatum,tt.mm.jjjj,https://gerichtsentscheide.so.ch/cgi-bin/nph-omniscgi.exe?OmnisPlatform=WINDOWS&WebServerUrl=https://gerichtsentscheide.so.ch&WebServerScript=/cgi-bin/nph-omniscgi.exe&OmnisLibrary=JURISWEB&OmnisClass=rtFindinfoWebHtmlService&OmnisServer=7001&Aufruf=loadTemplate&cTemplate=/simple/search.html&Schema=JGWEB&cSprache=DE&Parametername=WEB&nAnzahlTrefferProSeite=5&nSeite=1&bInstanzInt=all,Gerichtsentscheide,Schätzungskommission,,,,,,,1#SKSUB|1#SKGEB|1#SKDIV,,,,,SO 125.12,
SO_STG_001,16,SO_Omni,,ab,Entscheiddatum,tt.mm.jjjj,https://gerichtsentscheide.so.ch/cgi-bin/nph-omniscgi.exe?OmnisPlatform=WINDOWS&WebServerUrl=https://gerichtsentscheide.so.ch&WebServerScript=/cgi-bin/nph-omniscgi.exe&OmnisLibrary=JURISWEB&OmnisClass=rtFindinfoWebHtmlService&OmnisServer=7001&Aufruf=loadTemplate&cTemplate=/simple/search.html&Schema=JGWEB&cSprache=DE&Parametername=WEB&nAnzahlTrefferProSeite=5&nSeite=1&bInstanzInt=all,Gerichtsentscheide,Steuergericht,,,,,,,1#SGSTA|1#SGNEB|1#SGDIV|1#SGSEK|1#SGGEM|1#SGBST|1#SGGEM|1#SGREV|1#SGVST,,,,,SO 125.12,
SO_OG_999,19,SO_Omni,,ab,Entscheiddatum,tt.mm.jjjj,https://gerichtsentscheide.so.ch/cgi-bin/nph-omniscgi.exe?OmnisPlatform=WINDOWS&WebServerUrl=https://gerichtsentscheide.so.ch&WebServerScript=/cgi-bin/nph-omniscgi.exe&OmnisLibrary=JURISWEB&OmnisClass=rtFindinfoWebHtmlService&OmnisServer=7001&Aufruf=loadTemplate&cTemplate=/simple/search.html&Schema=JGWEB&cSprache=DE&Parametername=WEB&nAnzahlTrefferProSeite=5&nSeite=1&bInstanzInt=all,Gerichtsentscheide,Obergericht,,,Sonstiges,,,,,,,,,,
SO_SK_002,22,,,,,,https://so.ch/gerichte/weitere-gerichte/schaetzungskommission/archiv-entscheide/,Archiv Entscheide,Schätzungskommission,,,,,,,,,,,,,
SO_SK_003,23,,,,,,https://so.ch/gerichte/weitere-gerichte/schaetzungskommission/aktuelle-entscheide/,Aktuelle Entscheide,Schätzungskommission,,,,,,,,,,,,,
SO_ZMG_001,24,,,,,,,,Haftgericht,,,,,,,,Zwangsmassnhamengericht,,,,SO 125.12,
SO_JUG_001,25,,,,,,https://gerichtsentscheide.so.ch/cgi-bin/nph-omniscgi.exe?OmnisPlatform=WINDOWS&WebServerUrl=https://gerichtsentscheide.so.ch&WebServerScript=/cgi-bin/nph-omniscgi.exe&OmnisLibrary=JURISWEB&OmnisClass=rtFindinfoWebHtmlService&OmnisServer=7001&Aufruf=loadTemplate&cTemplate=/simple/search.html&Schema=JGWEB&cSprache=DE&Parametername=WEB&nAnzahlTrefferProSeite=5&nSeite=1&bInstanzInt=all,Gerichtsentscheide,Jugendgericht,,,,,,,,,,,,SO 125.12,
SO_SA_001,26,,,,,,,,Staatsanwaltschaft,,,,,,,,,,,,SO 125.12,
SO_JUA_001,27,,,,,,,,Jugenanwaltschaft,,,,,,,,,,,,SO 125.12,
SO_GVK_001,28,,,,,,,,Gerichtsverwaltungskommission,,,,,,,,,,,,SO 125.12,
SO_RR_001,29,,,,,,,,Regierungsrat,,,,,,,,,,,,SO 124.11,
SO_VB_001,30,,,,,,,,Verwaltungsbehörden,,,,,,,,,,,,SO 124.11,
SO_AK_001,31,,,,,,,,Anwaltskammer,,,,,,,,,,,,SO 127.10,
SO_UPL_001,98,XX_Upload,,,,,,Upload,Upload,,,,,,,,,,,,,
SO_XX_001,99,,,,,,,,Sonstiges,,,,,,,,,,,,,
SZ_FR_001,1,,,,,,,,Vermittlerämter,,,,,,,,,,,,SZ 231.110,
SZ_BZG_001,2,,,,,,,,Bezirksgerichte,,,Zivilsachen,,,,,,,,,SZ 231.110,
SZ_BZG_002,3,,,,,,,,Bezirksgerichte,,,Strafsachen,,,,,,,,,SZ 231.110,
SZ_BZG_003,4,,,,,,,,Bezirksgerichte,,,Sonstiges,,,,,,,,,SZ 231.110,
SZ_KG_001,5,SZ_Gerichte,,,,,https://gerichte.sz.ch/,Entscheide des Kantonsgerichts Schwyz,Kantonsgericht,,,1. Zivilkammer,,,,1#ZK1,,,,,SZ 231.110,
SZ_KG_002,6,SZ_Gerichte,,,,,https://gerichte.sz.ch/,Entscheide des Kantonsgerichts Schwyz,Kantonsgericht,,,2. Zivilkammer,,,,1#ZK2,,,,,SZ 231.110,
SZ_KG_003,7,SZ_Gerichte,,,,,https://gerichte.sz.ch/,Entscheide des Kantonsgerichts Schwyz,Kantonsgericht,,,Strafkammer,,,,1#STK,,,,,SZ 231.110,
SZ_KG_004,8,SZ_Gerichte,,,,,https://gerichte.sz.ch/,Entscheide des Kantonsgerichts Schwyz,Kantonsgericht,,,Beschwerdekammer,,,,1#BEK,,,,,SZ 231.110,
SZ_KG_999,9,SZ_Gerichte,,,,,https://gerichte.sz.ch/,Entscheide des Kantonsgerichts Schwyz,Kantonsgericht,,,Sonstiges,,,,,,,,,,
SZ_AK_001,10,,,,,,,,Anwaltskommission,,,,,,,,,,,,SZ 280.110,
SZ_SBGG_001,11,,,,,,,,Schlichtungsstelle für Diskriminierungsstreitigkeiten im Erwerbsleben,,,,,,,,,,,,SZ 231.110,
SZ_SBM_001,12,,,,,,,,Schlichtungsbehörden im Mietwesen,,,,,,,,,,,,SZ 231.110,
SZ_VG_001,13,SZ_Verwaltungsgericht,,,,,https://gerichte.sz.ch/vg/,,Verwaltungsgericht,,,3. Kammer,,,,1#III,,,,,SZ 231.110,
SZ_VG_002,14,SZ_Verwaltungsgericht,,,,,https://gerichte.sz.ch/vg/,,Verwaltungsgericht,,,2. Kammer,,,,1#II,,,,,SZ 231.110,
SZ_VG_003,15,SZ_Verwaltungsgericht,,,,,https://gerichte.sz.ch/vg/,,Verwaltungsgericht,,,1. Kammer,,,,1#I,,,,,SZ 231.110,
SZ_SJUG_001,16,,,,,,,,Straf- und Jugendgericht,,,Kammern,,,Kammer,,,,,,SZ 231.110,
SZ_SJUG_002,17,,,,,,,,Straf- und Jugendgericht,,,Jugendgericht,,,,,,,,,SZ 231.110,
SZ_SJUG_003,18,,,,,,,,Straf- und Jugendgericht,,,Sonstiges,,,,,,,,,SZ 231.110,
SZ_ZMG_001,19,,,,,,https://gerichte.sz.ch/,Entscheide des Kantonsgerichts Schwyz,Zwangsmassnahmengericht,,,,,,,,,,,,SZ 231.110,
SZ_SA_001,20,,,,,,,,Staatsanwaltschaft,,,Oberstaatsanwaltschaft,,,,,,,,,SZ 231.110,
SZ_SA_002,21,,,,,,,,Staatsanwaltschaft,,,Kantonale Staatsanwaltschaft und Jugendanwaltschaft,,,,,,,,,SZ 231.110,
SZ_SA_003,22,,,,,,,,Staatsanwaltschaft,,,Staatsanwaltschaften der Bezirke,,,,,,,,,SZ 231.110,
SZ_SA_004,23,,,,,,,,Staatsanwaltschaft,,,Sonstiges,,,,,,,,,,
SZ_SK_001,24,,,,,,,,Schätzungskommission,,,,,,,,,,,,SZ 470.100,
SZ_RR_001,25,,,,,,,,Regierungsrat,,,,,,,,,,,,SZ 234.110,
SZ_VB_001,26,,,,,,,,Verwaltungsbehörden,,,,,,,,,,,,SZ 234.110,
SZ_SRK_001,27,,,,,,,,Steuerkommission,,,,,,,,,,,,SZ 172.200,
SZ_SOBE_001,991,,,,,,https://www.kgsz.ch/kantonsgericht/rechtsprechung,Entscheide der Gerichts- und Verwaltungsbehörden (EGV-SZ),Sonstiges,,,,,,,,,,,,,
SZ_SOES_002,992,,,,,,https://www.sz.ch/behoerden/amtsblatt-gesetze-entscheide/entscheide/entscheidsammlungen.html/72-416-413-680-674,Entscheidsammlungen,Sonstiges,,,,,,,,,,,,,
SZ_UPL_001,98,XX_Upload,,,,,,Upload,Upload,,,,,,,,,,,,,
SZ_XX_001,992,,,,,,https://www.sz.ch/behoerden/amtsblatt-gesetze-entscheide/entscheide/entscheidsammlungen.html/72-416-413-680-674,Entscheidsammlungen,Sonstiges,,,,,,,,,,,,,
TI_PP_001,1,TI_Gerichte,,ab,Entscheidjahr,JJJJ,https://www.sentenze.ti.ch/,Sentenze e decisoni,,,Il Presidente della Pretura Penale,,,,#PRPEN#,,,,,,TI 177.100,
TI_TCA_001,2,TI_Gerichte,,ab,Entscheidjahr,JJJJ,https://www.sentenze.ti.ch/,Sentenze e decisoni,,,Tribunale cantonale amministrativo,,,,#TRAM#,,,,,,TI 177.100,
TI_TCAS_001,3,TI_Gerichte,,ab,Entscheidjahr,JJJJ,https://www.sentenze.ti.ch/,Sentenze e decisoni,,,Tribunale cantonale delle assicurazioni,,,,#TCA#,,,,,,TI 177.100,
TI_CATI_001,4,TI_Gerichte,,ab,Entscheidjahr,JJJJ,https://www.sentenze.ti.ch/,Sentenze e decisoni,,,Camera di diritto tributario,,,,#CDT#,,,,,,TI 177.100,
TI_TE_001,5,TI_Gerichte,,ab,Entscheidjahr,JJJJ,https://www.sentenze.ti.ch/,Sentenze e decisoni,,,Tribunale di espropriazione,,,,#TE#,,,,,,TI 177.100,
TI_TRAC_001,6,TI_Gerichte,,ab,Entscheidjahr,JJJJ,https://www.sentenze.ti.ch/,Sentenze e decisoni,,,Tribunale di appello diritto civile,,,La prima Camera civile,#ICCA#,,,,,,TI 177.100,
TI_TRAC_002,7,TI_Gerichte,,ab,Entscheidjahr,JJJJ,https://www.sentenze.ti.ch/,Sentenze e decisoni,,,Tribunale di appello diritto civile,,,La seconda Camera civile,#IICCA#,,,,,,TI 177.100,
TI_TRAC_003,8,TI_Gerichte,,ab,Entscheidjahr,JJJJ,https://www.sentenze.ti.ch/,Sentenze e decisoni,,,Tribunale di appello diritto civile,,,La terza Camera civile,#IIICC#,,,,,,TI 177.100,
TI_TRAC_004,9,TI_Gerichte,,ab,Entscheidjahr,JJJJ,https://www.sentenze.ti.ch/,Sentenze e decisoni,,,Tribunale di appello diritto civile,,,La Camera civile dei reclami,#CCR#,,,,,,TI 177.100,
TI_TRAC_005,10,TI_Gerichte,,ab,Entscheidjahr,JJJJ,https://www.sentenze.ti.ch/,Sentenze e decisoni,,,Tribunale di appello diritto civile,,,La Camera di cassazione civile,#CCC#,,,,,,TI 177.100,
TI_TRAC_006,11,TI_Gerichte,,ab,Entscheidjahr,JJJJ,https://www.sentenze.ti.ch/,Sentenze e decisoni,,,Tribunale di appello diritto civile,,,La Camera di esecuzione e fallimenti,#CEF#,,,,,,TI 177.100,
TI_TRAC_007,12,TI_Gerichte,,ab,Entscheidjahr,JJJJ,https://www.sentenze.ti.ch/,Sentenze e decisoni,,,Tribunale di appello diritto civile,,,Il presidenta della Camera di protezione,#CDP#,,,,,,TI 177.100,
TI_TRAP_001,13,TI_Gerichte,,ab,Entscheidjahr,JJJJ,https://www.sentenze.ti.ch/,Sentenze e decisoni,,,Tribunale di appello diritto penale,,,La Corte di cassazione e di revisione penale,#CCRP#,,,,,,TI 177.100,
TI_TRAP_002,14,TI_Gerichte,,ab,Entscheidjahr,JJJJ,https://www.sentenze.ti.ch/,Sentenze e decisoni,,,Tribunale di appello diritto penale,,,La Corte dei reclami penali,#CRPTI#,,,,,,TI 177.100,
TI_TPC_001,15,TI_Gerichte,,ab,Entscheidjahr,JJJJ,https://www.sentenze.ti.ch/,Sentenze e decisoni,,,Tribunale penale cantonale,,,,#PENAL#,,,,,,TI 177.100,
TI_CARP_001,16,TI_Gerichte,,ab,Entscheidjahr,JJJJ,https://www.sentenze.ti.ch/,Sentenze e decisoni,,,Corte di appello e di revisione penale,,,,#CARP#,,,,,,TI 177.100,
TI_GPC_001,17,TI_Gerichte,,ab,Entscheidjahr,JJJJ,https://www.sentenze.ti.ch/,Sentenze e decisoni,,,Ufficio del giudice dei provvedimenti coercitivi,,,,#GPC#,,,,,,TI 177.100,
TI_TRPI_001,18,TI_Gerichte,,ab,Entscheidjahr,JJJJ,https://www.sentenze.ti.ch/,Sentenze e decisoni,,,Tribunale della pianificazione,,,,#TPT#,,,,,,,Inaktiv seit 14.07.2006
TI_CRP_001,19,TI_Gerichte,,ab,Entscheidjahr,JJJJ,https://www.sentenze.ti.ch/,Sentenze e decisoni,,,Camera dei ricorsi penali,,,,#CRP#,,,,,,,Inaktiv seit 00.00.0000; abgelöst durch: Corte dei reclami penali
TI_GIAR_001,20,TI_Gerichte,,ab,Entscheidjahr,JJJJ,https://www.sentenze.ti.ch/,Sentenze e decisoni,,,Il Giudice dell'istruzione e dell'arresto,,,,#GIAR#,,,,,,,Inaktiv seit 01.01.2011; abgelöst durch: Giudice dei provvedimenti coercitivi
TI_URCO_001,30,,,,,,,,,,Ufficio del registro di commercio Repubblica e Cantone Ticino,,,,,,,,,,,
TI_UCL_001,31,,,,,,,,,,Ufficio di conciliazione in materia di locazione,,,,,,,,,,,
TI_UCPS_001,32,,,,,,,,,,Ufficio di conciliazione in materia di parità dei sessi,,,,,,,,,,,
TI_P_001,33,,,,,,,,,,Preture,,,,,,,,Civile,,TI 177.100,
TI_MP_001,34,,,,,,,,,,Ministero pubblico,,,,,,,,,,TI 177.100,
TI_CDM_001,35,,,,,,,,,,Consiglio della magistratura,,,,,,,,,,TI 177.100,
TI_MAMI_001,36,,,,,,,,, ,Magistratura dei minorenni,,,,,,,,,,TI 314.100,
TI_TM_001,37,,,,,,,,,,Tribunale dei minorenni,,,,,,,,,,TI 314.100,
TI_MPMI_001,38,,,,,,,,,,Mediazione penale minorile,,,,,,,,,,TI 314.100,
TI_GO_001,39,,,,,,,,,,Consiglio di Stato,,,,,,,,,,TI 165.100,
TI_UA_001,40,,,,,,,,,,Uffici amministrativi,,,,,,,,,,,
TI_GP_001,41,,,,,,,,,,Giudicatura di Pace,,,,,,,,,,TI 177.100,
TI_CN_001,42,,,,,,,,,,Commissione per il notariato,,,,,,,,,,TI 952.100,
TI_CA_001,43,,,,,,,,,,Commissione per l’avvocatura,,,,,,,,,,TI 951.100,
TI_UPL_001,98,XX_Upload,,,,,,Upload,Upload,,,,,,,,,,,,,
TI_XX_999,99,TI_Gerichte,,ab,Entscheidjahr,JJJJ,https://www.sentenze.ti.ch/,,,,Diversi,,,,,,,,,,,
TG_BZG_001,1,,,,,,,,Bezirksgerichte,,,Zivilrechtspflege,,,,,,,,,TG 271.1,
TG_BZG_002,2,,,,,,,,Bezirksgerichte,,,Strafrechtspflege,,,,,,,,,TG 271.1,
TG_BZG_003,3,,,,,,,,Bezirksgerichte,,,Sonstiges,,,,,,,,,TG 271.1,
TG_KESB_001,4,,,,,,,,Kindes- und Erwachsenen­schutzbehörde,,,,,,,,,,,,TG 271.1,
TG_ZMG_001,5,,,,,,,,Zwangsmassnahmengericht,,,,,,,,,,,,TG 271.1,
TG_RR_001,6,,,,,,,,Regierungsrat,,,,,,,,,,,,TG 170.1,
TG_VB_001,7,,,,,,,,Verwaltungsbehörden,,,,,,,,,,,,TG 170.1,
TG_SRK_001,8,,,,,,,,Steuerrekurskommission,,,,,,,,,,,,TG 170.1,
TG_RKBG_001,9,,,,,,,,Rekurskommission für die Gebäudeversicherung,,,,,,,,,,,,TG 170.1,
TG_RKLW_001,10,,,,,,,,Rekurskommission für Strassenverkehrssachen,,,,,,,,,,,,TG 170.1,
TG_RKSV_001,11,,,,,,,,Rekurskommission für Landwirtschaftssachen,,,,,,,,,,,,TG 170.1,
TG_EK_001,12,,,,,,,,Enteignungskommission,,,,,,,,,,,,TG 170.1,
TG_PRK_001,13,,,,,,,,Personalrekurskommission,,,,,,,,,,,,TG 170.1,
TG_OG_001,14,TG_OG,,,,,http://ogbuch.tg.ch/,Rechenschaftsbericht des Obergerichts des Kanton Thurgau,Obergericht,,,Rechenschaftsbericht,,,,,,,,,TG 271.1,
TG_SA_001,16,,,,,,,,Staatsanwaltschaft,,,,,,,,,,,,TG 271.1,
TG_JUA_001,17,,,,,,,,Jugendanwaltschaft,,,,,,,,,,,,TG 271.1,
TG_AK_001,18,,,,,,,,Anwaltskommission,,,,,,,,,,,,TG 176.1,
TG_FR_001,19,,,,,,,,Friedensrichter,,,,,,,,,,,,TG 271.1,
TG_SBM_001,20,,,,,,,,Schlichtungsbehörde in Mietsachen,,,,,,,,,,,,TG 271.1,
TG_SBGG_001,21,,,,,,,,Schlichtungsbehörde gemäss Gleichstellungsgesetz,,,,,,,,,,,,TG 271.1,
TG_UPL_001,98,XX_Upload,,,,,,Upload,Upload,,,,,,,,,,,,,
TG_XX_001,99,,,,,,,,Sonstiges,,,,,,,,,,,,,
UR_OG_001,1,UR_Gerichte,,,,,https://www.ur.ch/rechtsprechung,Rechtsprechung,Obergericht,,,Aufsichtskommission über die richterlichen Behörden und die Rechtsanwälte,,,,2#OG|3#AK|2#AK,,,,,UR 2.3221,
UR_OG_002,2,UR_Gerichte,,,,,https://www.ur.ch/rechtsprechung,Rechtsprechung,Obergericht,,,Strafprozessuale Beschwerdeinstanz,,,,2#OG|3#BI|2#BI|3#SP|2#SP,,,,,UR 2.3221,
UR_OG_003,3,UR_Gerichte,,,,,https://www.ur.ch/rechtsprechung,Rechtsprechung,Obergericht,,,Strafrechtliche Abteilung,,,,2#OG|3#S|2#S,,,,,UR 2.3221,
UR_OG_004,4,UR_Gerichte,,,,,https://www.ur.ch/rechtsprechung,Rechtsprechung,Obergericht,,,Verwaltungsrechtliche Abteilung,,,,2#OG|3#V|2#V,,,,,UR 2.3221,
UR_OG_005,5,UR_Gerichte,,,,,https://www.ur.ch/rechtsprechung,Rechtsprechung,Obergericht,,,Zivilrechtliche Abteilung,,,,2#OG|3#Z|2#Z|3#ZP|2#ZP,,,,,UR 2.3221,
UR_OG_006,5,UR_Gerichte,,,,,https://www.ur.ch/rechtsprechung,Rechtsprechung,Obergericht,,,Schuldbetreibung und Konkurs,,,,2#OG|3#SK|2#SK,,,,,UR 2.3221,
UR_OG_999,6,UR_Gerichte,,,,,,,Obergericht,,,sonstige,,,,,,,,,,
UR_REB_001,6,,,,,,https://www.ur.ch/rechtsprechung,,"Rechenschaftsbericht über die Rechtspflege
",,,,,,,,,,,,,
UR_LG_001,7,,,,,,,,Landgericht,,,Zivilrechtliche Abteilung,,,,,,,,,UR 2.3221,
UR_LG_002,8,,,,,,,,Landgericht,,,Strafrechtliche Abteilung,,,,,,,,,UR 2.3221,
UR_LG_003,9,,,,,,,,Landgericht,,,Sonstiges,,,,,,,,,,
UR_ZMG_001,10,,,,,,,,Zwangsmassnahmengericht,,,,,,,,,,,,UR 2.3221,
UR_JUG_001,11,,,,,,,,Jugendgericht,,,,,,,,,,,,UR 2.3221,
UR_SB_001,12,,,,,,,,Schlichtungsbehörde,,,,,,,,,,,,UR 2.3221,
UR_ABSK_001,13,,,,,,,,Aufsichtsbehörde über Schuldbetreibung und Konkurs,,,,,,,,,,,,UR 9.2421,
UR_JGKO_001,14,,,,,,,,Jugendgerichtskommission des Obergerichts,,,,,,,,,,,,UR 2.3221,
UR_ PVSB_001,15,,,,,,,,Paritätische Vertretung der Schlichtungsbehörde Uri,,,,,,,,,,,,,
UR_SA_001,16,,,,,,,,Staatsanwaltschaft,,,,,,,,,,,,UR 2.3221,
UR_JUA_001,17,,,,,,,,Jugendanwaltschaft,,,,,,,,,,,,UR 2.3221,
UR_SK_001,18,,,,,,,,Schätzungskommission,,,,,,,,,,,,UR 3.3211,
UR_SRK_001,19,,,,,,,,Steuerkommission,,,,,,,,,,,,UR 3.2211,
UR_RR_001,20,,,,,,,,Regierungsrat,,,,,,,,,,,,UR 2.2345,
UR_VB_001,21,,,,,,,,Verwaltungsbehörden,,,,,,,,,,,,UR 2.2345,
UR_UPL_001,98,XX_Upload,,,,,,Upload,Upload,,,,,,,,,,,,,
UR_XX_001,99,,,,,,,,Sonstiges,,,,,,,,,,,,,
VD_TA_001,1,,,,,,,,,Tribunaux d'arrondissement,,,Chambre pénale,,,,,,,,VD 173.01.2,
VD_TA_002,2,,,,,,,,,Tribunaux d'arrondissement,,,Chambre Civile,,,,,,,,VD 173.01.2,
VD_TA_003,3,,,,,,,,,Tribunaux d'arrondissement,,,Autres,,,,,,,,,
VD_JP_001,4,,,,,,,,,Justices de paix,,,,,,,,,,,VD 173.01,
VD_TE_001,5,,,,,,,,,Tribunaux d'expropriation,,,,,,,,,,,VD 173.01,
VD_TPH_001,6,,,,,,,,,Tribunaux de prud'hommes,,,,,,,,,,,VD 173.61,
VD_TC_001,7,VD_FindInfo,,,Publikationsdatum,TT.MM.JJJJ,https://www.findinfo-tc.vd.ch/justice/findinfo-pub/internet/SimpleSearch.action?showPage=,Einfache Suche,,Tribunal cantonal,,,Cour administrative,,#CA#,,,,,,VD 173.01,
VD_TC_002,8,VD_FindInfo,,,Publikationsdatum,TT.MM.JJJJ,https://www.findinfo-tc.vd.ch/justice/findinfo-pub/internet/SimpleSearch.action?showPage=,Einfache Suche,,Tribunal cantonal,,,Cour d'appel civile,,#CACI#,,,,,,VD 173.01,
VD_TC_003,9,VD_FindInfo,,,Publikationsdatum,TT.MM.JJJJ,https://www.findinfo-tc.vd.ch/justice/findinfo-pub/internet/SimpleSearch.action?showPage=,Einfache Suche,,Tribunal cantonal,,,Cour d'appel pénale,,#CAPE#,,,,,,VD 173.01,
VD_TC_004,10,VD_FindInfo,,,Publikationsdatum,TT.MM.JJJJ,https://www.findinfo-tc.vd.ch/justice/findinfo-pub/internet/SimpleSearch.action?showPage=,Einfache Suche,,Tribunal cantonal,,,Cour des assurances sociales,,#CASSO#,,,,,,VD 173.01,
VD_TC_005,11,VD_FindInfo,,,Publikationsdatum,TT.MM.JJJJ,https://www.findinfo-tc.vd.ch/justice/findinfo-pub/internet/SimpleSearch.action?showPage=,Einfache Suche,,Tribunal cantonal,,,Chambre des avocats,,#CAVO#,,,,,,VD 173.01,
VD_TC_006,12,VD_FindInfo,,,Publikationsdatum,TT.MM.JJJJ,https://www.findinfo-tc.vd.ch/justice/findinfo-pub/internet/SimpleSearch.action?showPage=,Einfache Suche,,Tribunal cantonal,,,Cour de cassation pénale,,#CCASS#,,,,,,VD 173.01,
VD_TC_007,13,VD_FindInfo,,,Publikationsdatum,TT.MM.JJJJ,https://www.findinfo-tc.vd.ch/justice/findinfo-pub/internet/SimpleSearch.action?showPage=,Einfache Suche,,Tribunal cantonal,,,Cour civile,,#CCIV#,,,,,,VD 173.01,
VD_TC_008,14,VD_FindInfo,,,Publikationsdatum,TT.MM.JJJJ,https://www.findinfo-tc.vd.ch/justice/findinfo-pub/internet/SimpleSearch.action?showPage=,Einfache Suche,,Tribunal cantonal,,,Chambre des curatelles,,#CCUR#,,,,,,VD 173.01,
VD_TC_009,15,VD_FindInfo,,,Publikationsdatum,TT.MM.JJJJ,https://www.findinfo-tc.vd.ch/justice/findinfo-pub/internet/SimpleSearch.action?showPage=,Einfache Suche,,Tribunal cantonal,,,Cour des poursuites et faillites,,#CPF#,,,,,,VD 173.01,
VD_TC_010,16,VD_FindInfo,,,Publikationsdatum,TT.MM.JJJJ,https://www.findinfo-tc.vd.ch/justice/findinfo-pub/internet/SimpleSearch.action?showPage=,Einfache Suche,,Tribunal cantonal,,,Chambre des recours civile,,#CREC,,,,,"Kein schliessender Hash, da mehrere Varianten",VD 173.01,
VD_TC_013,19,VD_FindInfo,,,Publikationsdatum,TT.MM.JJJJ,https://www.findinfo-tc.vd.ch/justice/findinfo-pub/internet/SimpleSearch.action?showPage=,Einfache Suche,,Tribunal cantonal,,,Chambre des recours pénale,,#CREP#,,,,,,,
VD_TC_014,20,VD_FindInfo,,,Publikationsdatum,TT.MM.JJJJ,https://www.findinfo-tc.vd.ch/justice/findinfo-pub/internet/SimpleSearch.action?showPage=,Einfache Suche,,Tribunal cantonal,,,Chambre des révisions civiles et pénales - Révision civile,,#CREV - Civile#,,,,,,,
VD_TC_015,21,VD_FindInfo,,,Publikationsdatum,TT.MM.JJJJ,https://www.findinfo-tc.vd.ch/justice/findinfo-pub/internet/SimpleSearch.action?showPage=,Einfache Suche,,Tribunal cantonal,,,Chambre des révisions civiles et pénales - Révision pénale,,#CREV - Pénale#,,,,,,,
VD_TC_016,22,VD_FindInfo,,,Publikationsdatum,TT.MM.JJJJ,https://www.findinfo-tc.vd.ch/justice/findinfo-pub/internet/SimpleSearch.action?showPage=,Einfache Suche,,Tribunal cantonal,,,Commission de revision pénale,,#CRP#,,,,,,,
VD_TC_017,23,VD_FindInfo,,,Publikationsdatum,TT.MM.JJJJ,https://www.findinfo-tc.vd.ch/justice/findinfo-pub/internet/SimpleSearch.action?showPage=,Einfache Suche,,Tribunal cantonal,,,Chambre des tutelles,,#CTUT#,,,,,,,
VD_TC_018,24,VD_FindInfo,,,Publikationsdatum,TT.MM.JJJJ,https://www.findinfo-tc.vd.ch/justice/findinfo-pub/internet/SimpleSearch.action?showPage=,Einfache Suche,,Tribunal cantonal,,,Président du Tribunal cantonal,,#PRES#,,,,,,,
VD_TC_019,25,VD_FindInfo,,,Publikationsdatum,TT.MM.JJJJ,https://www.findinfo-tc.vd.ch/justice/findinfo-pub/internet/SimpleSearch.action?showPage=,Einfache Suche,,Tribunal cantonal,,,Tribunal d'accusation,,#TACC#,,,,,,,
VD_TC_020,26,VD_FindInfo,,,Publikationsdatum,TT.MM.JJJJ,https://www.findinfo-tc.vd.ch/justice/findinfo-pub/internet/SimpleSearch.action?showPage=,Einfache Suche,,Tribunal cantonal,,,Tribunal arbitral,,#TARB#,,,,,,,
VD_TPHA_001,27,VD_FindInfo,,,Publikationsdatum,TT.MM.JJJJ,https://www.findinfo-tc.vd.ch/justice/findinfo-pub/internet/SimpleSearch.action?showPage=,Einfache Suche,,Tribunal de Prud'hommes de l'Administration cantonale,,,,,#TRIPAC#,,,,,,,
VD_TC_030,28,VD_Omni,,,Publikationsdatum,TT.MM.JJJJ,http://www.jurisprudence.vd.ch/frontendselection_fre.htm,Jurisprudence,,Tribunal cantonal,,,Cour constitutionnelle,,#CCST#,,,,,,,
VD_TC_031,29,VD_Omni,,,Publikationsdatum,TT.MM.JJJJ,http://www.jurisprudence.vd.ch/frontendselection_fre.htm,Jurisprudence,,Tribunal cantonal,,,Cour de droit administratif et public,,#CDAP#|#JI#|#TA#,,,,,TAF (Bundesverwaltungsgericht) ignorieren,,
VD_SR_001,30,VD_Omni,,,Publikationsdatum,TT.MM.JJJJ,http://www.jurisprudence.vd.ch/frontendselection_fre.htm,Jurisprudence,,Conseil d'État,,,,,#CE#,,,,,CF (Bundesrat) ignorieren,,
VD_TC_032,31,VD_Omni,,,Publikationsdatum,TT.MM.JJJJ,http://www.jurisprudence.vd.ch/frontendselection_fre.htm,Jurisprudence,,Tribunal cantonal,,,Chambre des recours civile,,#TC#,,,,,TF (Bundesgericht) ignorieren,,
VD_TN_001,32,VD_Omni,,,Publikationsdatum,TT.MM.JJJJ,http://www.jurisprudence.vd.ch/frontendselection_fre.htm,Jurisprudence,,Tribunal neutre,,,,,#TN#,,,,,DF (Wettbewerbsrekurskommission) ignorieren,,
VD_TC_999,33,VD_Omni,,,Publikationsdatum,TT.MM.JJJJ,http://www.jurisprudence.vd.ch/frontendselection_fre.htm,Jurisprudence,,Tribunal cantonal,,,Autres,,#!#,,,,,,,
VD_TN_002,34,,,,,,https://www.vd.ch/toutes-les-autorites/tribunal-neutre/#c2020933,Jurisprudence du Tribunal neutre,,Tribunal neutre,,,,,,,Le Tribunal neutre statue sur les demandes de récusation à l’encontre du Tribunal cantonal,,,,VD 173.01,
VD_TM_001,35,,,,,,,,,Tribunal des mineurs,,,,,,,,,,,VD 173.01,
VD_TB_001,36,,,,,,,,,Tribunal des baux,,,,,,,,,,,VD 173.01,
VD_TPHA_002,37,,,,,,https://www.vd.ch/themes/justice/jurisprudence-et-lois/jurisprudence-du-tribunal-cantonal-et-du-tripac/jurisprudence-du-tripac/,Jurisprudence 2007-2014,,Tribunal de prud'hommes de l'Administration cantonale,,,,,,,,,,,VD 173.01,
VD_JAP_001,38,,,,,,,,,Juge d'application des peines,,,,,,,,,,,VD 173.01,
VD_GMC_001,39,,,,,,,,,Tribunal des mesures de contrainte,,,,,,,,,,,VD 173.01,
VD_CPA_001,40,,,,,,,,,Chambre patrimoniale cantonale,,,,,,,,,,,VD 173.01,
VD_MP_001,41,,,,,,,,,Ministère public,,,Ministère public central,,,,,,,,VD 172.21,
VD_MP_002,42,,,,,,,,,Ministère public,,,Ministères publics d'arrondissement,,,,,,,,VD 172.21,
VD_MP_003,43,,,,,,,,,Ministère public,,,Autres,,,,,,,,,
VD_CPC_001,44,,,,,,,,,Commissions préfectorales de conciliation,,,"Commission préfectorale de conciliation, Aigle",,,,,,,,VD 173.655,
VD_CA_001,45,,,,,,,,,Chambre des avocats,,,,,,,,,,,VD 177.11,
VD_CN_001,46,,,,,,,,,Chambre des notaires,,,,,,,,,,,VD 178.11,
VD_GO_001,47,,,,,,,,,Conseil d'Etat,,,,,,,,,,,VD 173.36,
VD_AA_001,48,,,,,,,,,Autorités administratives,,,,,,,,,,,VD 173.36,
VD_UPL_001,98,XX_Upload,,,,,,Upload,Upload,,,,,,,,,,,,,
VD_XX_001,49,,,,,,,,,Autres,,,,,,,,,,,,
VS_JP_001,1,,,,,,,,Gemeinderichter,Juges de commune,,,,,,,,,,,VS 173.1,
VS_TA_001,2,,,,,,,,Kreisgericht,Tribunaux d'arrondissement,,,,,,,Strafrecht,Droit pénale,,,VS 173.1,
VS_TIPO_001,3,,,,,,,,Polizeigericht,Tribunal de police,,,,,,,,,,,VS 173.1,
VS_GMC_001,4,,,,,,,,Zwangsmassnahmengericht,Tribunal des mesures de contrainte,,,,,,,,,,,VS 173.1,
VS_TAPM_001,5,,,,,,,,Straf- und Massnahmenvollzugsgerichts,Tribunal de l'application des peines et mesures,,,,,,,,,,,VS 173.1,
VS_TM_001,6,,,,,,,,Jugendgericht,Tribunal des mineurs,,,,,,,,,,,VS 173.1,
VS_BZG_001,8,VS_Gerichte,,ab,Publikationsdatum,YYYY-MM-DD,https://jurisprudence.vs.ch/,,Bezirksgericht,Tribunal du district,,Brig,Brigue,,BGBRI,,,,,,,
VS_BZG_002,9,VS_Gerichte,,ab,Publikationsdatum,YYYY-MM-DD,https://jurisprudence.vs.ch/,,Bezirksgericht,Tribunal du district,,Leuk,Loèche,,BGLEU,,,,,,,
VS_BZG_003,10,VS_Gerichte,,ab,Publikationsdatum,YYYY-MM-DD,https://jurisprudence.vs.ch/,,Bezirksgericht,Tribunal du district,,Visp,Visp,,BGVIS,,,,,,,
VS_BZG_004,11,VS_Gerichte,,ab,Publikationsdatum,YYYY-MM-DD,https://jurisprudence.vs.ch/,,Bezirksgericht,Tribunal du district,,Siders,Sierre,,TDSIE,,,,,,,
VS_BZG_005,12,VS_Gerichte,,ab,Publikationsdatum,YYYY-MM-DD,https://jurisprudence.vs.ch/,,Bezirksgericht,Tribunal du district,,Sitten,Sion,,TDSIO,,,,,,,
VS_BZG_006,13,VS_Gerichte,,ab,Publikationsdatum,YYYY-MM-DD,https://jurisprudence.vs.ch/,,Bezirksgericht,Tribunal du district,,Entremont,Entremont,,TDENT,,,,,,,
VS_BZG_007,14,VS_Gerichte,,ab,Publikationsdatum,YYYY-MM-DD,https://jurisprudence.vs.ch/,,Bezirksgericht,Tribunal du district,,Hérens et Conthey,Hérens et Conthey,,TDHCO,,,,,,,
VS_BZG_008,15,VS_Gerichte,,ab,Publikationsdatum,YYYY-MM-DD,https://jurisprudence.vs.ch/,,Bezirksgericht,Tribunal du district,,Martigny und St. Maurice,Martigny et St-Maurice,,TDMAR,,,,,,,
VS_BZG_009,16,VS_Gerichte,,ab,Publikationsdatum,YYYY-MM-DD,https://jurisprudence.vs.ch/,,Bezirksgericht,Tribunal du district,,Monthey,Monthey,,TDMON,,,,,,,
VS_AG_001,7,VS_Gerichte,,ab,Publikationsdatum,YYYY-MM-DD,https://jurisprudence.vs.ch/,,Arbeitsgericht,Tribunal du travail,,,,,TRA,,,,,,,
VS_SRK_001,17,VS_Gerichte,,ab,Publikationsdatum,YYYY-MM-DD,https://jurisprudence.vs.ch/,,Kantonale Steuerrekurskommission,Commission cantonale de recours en matière fiscale,,,,,KRK|CCR,,,,,,,
VS_TC_001,18,VS_Gerichte,,ab,Publikationsdatum,YYYY-MM-DD,https://jurisprudence.vs.ch/,,Kantonsgericht,Tribunal cantonal,,,,,TCVS|KGVS,,,,,,,
VS_TC_002,19,,,,,,,Aktuelle Entscheide,Kantonsgericht,Tribunal cantonal,,Zivilrechtliche Abteilungen,Cours civiles,,,,,,,,VS 173.1,
VS_TC_003,20,,,,,,,Aktuelle Entscheide,Kantonsgericht,Tribunal cantonal,,Strafrechtliche Abteilungen,Cours pénales,,,,,,,,VS 173.1,
VS_TC_004,21,,,,,,,Aktuelle Entscheide,Kantonsgericht,Tribunal cantonal,,Zivilkammer,Chambre civile,,,,,,,,VS 173.1,
VS_TC_005,22,,,,,,,Aktuelle Entscheide,Kantonsgericht,Tribunal cantonal,,Sozialversicherungsrechtliche Abteilung,Cour des assurances sociales,,,,,,,,VS 173.1,
VS_TC_006,23,,,,,,,Aktuelle Entscheide,Kantonsgericht,Tribunal cantonal,,Offentlichrechtliche Abteilung,Cour de droit public,,,,,,,,VS 173.1,
VS_TC_007,24,,,,,,,Aktuelle Entscheide,Kantonsgericht,Tribunal cantonal,,Immaterialgüterrecht (Instruktion),Propriété intellectuelle (instruction),,,,,,,,VS 173.1,
VS_TC_008,25,,,,,,,Aktuelle Entscheide,Kantonsgericht,Tribunal cantonal,,Strafkammer,Chambre pénale,,,,,,,,VS 173.1,
VS_TC_009,26,,,,,,,Aktuelle Entscheide,Kantonsgericht,Tribunal cantonal,,Kantonale Beschwerdebehörde der Disciplinarfälle der Anwalte,Autorité de recours disciplinaire des avocats,,,,,,,,VS 173.1,
VS_TC_010,27,,,,,,,Aktuelle Entscheide,Kantonsgericht,Tribunal cantonal,,Schiedgerichtskammer,Chambre des affaires arbitrales,,,,,,,,,
VS_TC_011,28,,,,,,,,Kantonsgericht,Tribunal cantonal,,Sonstiges,Autres,,,,,,,,,
VS_MP_001,29,,,,,,,,Staatsanwaltschaft,Ministère public,,,,,,,,,,,VS 173.1,
VS_CA_001,30,,,,,,,,Aufsicht über die Anwälte,Chambre de surveillance des avocats,,,,,,,,,,,VS 177.1,
VS_CN_001,31,,,,,,,,Notariatsaufsicht,Chambre de surveillance (notaire),,,,,,,,,,,VS 178.1,
VS_CCRI_001,32,,,,,,,,Steuerrekurskommission und Rekurskommission für den Bereich Landwirtschaft und Landumlegungen,Commission cantonale de recours en matière d'impôt,,,,,,,,,,,VS 642.1,
VS_CE_001,33,,,,,,,,Schätzungskommission,Commission d'estimation,,,,,,,,,,,VS 710.1,
VS_GO_001,34,,,,,,,,Regierung,Conseil d'Etat,,,,,,,,,,,VS 172.6,
VS_AA_001,35,,,,,,,,Verwaltungsbehörden,Autorités administratives,,,,,,,,,,,VS 172.6,
VS_CCMB_001,36,,,,,,,,Kantonale Schlichtungskommission für Mietverhältnisse,Commission cantonale de conciliation en matière de bail à loyer,,,,,,,,,,,VS 211.1,
VS_ACDT_001,37,,,,,,,,Schlichtungsbehörde für Streitigkeiten aus dem Arbeitsverhältnis,Autorité de conciliation en matière de droit du travail,,,,,,,,,,,VS 822.1,
VS_UPL_001,98,XX_Upload,,,,,,Upload,Upload,,,,,,,,,,,,,
VS_XX_001,99,VS_Gerichte,,,,,https://apps.vs.ch/le/,,Sonstiges,Autres,,,,,,,,,,,,
ZG_SK_001,1,,,,,,,,Schätzungskommission,,,Enteignungsrechtliche Kammer,,,,,,,,,ZG 162.32,
ZG_SK_002,2,,,,,,,,Schätzungskommission,,,Landwirtschaftliche Schätzungskammer,,,,,,,,,ZG 162.32,
ZG_SK_003,3,,,,,,,,Schätzungskommission,,,Grundstückschätzungskammer,,,,,,,,,ZG 162.32,
ZG_SK_004,4,,,,,,,,Schätzungskommission,,,Sonstiges,,,,,,,,,,
ZG_SBA_001,5,,,,,,,,Schlichtungsbehörde Arbeitsrecht,,,,,,,,,,,,ZG 161.1,
ZG_SBMP_001,6,,,,,,,,Schlichtungsbehörde Miet- und Pachtrecht,,,,,,,,,,,,ZG 161.1,
ZG_FR_001,7,,,,,,,,Friedensrichteramt,,,,,,,,,,,,ZG 161.1,
ZG_VG_001,8,ZG_Verwaltungsgericht,,ab,Publikationsdatum,tt.mm.jjjj,,,Verwaltungsgericht,,,Sozialversicherungsrechtliche Kammer,,,,1#S,,,,,,
ZG_VG_002,9,ZG_Verwaltungsgericht,,ab,Publikationsdatum,tt.mm.jjjj,,,Verwaltungsgericht,,,Abgaberechtliche Kammer,,,,1#A,,,,,,
ZG_VG_003,10,ZG_Verwaltungsgericht,,ab,Publikationsdatum,tt.mm.jjjj,,,Verwaltungsgericht,,,Fürsorgerechtliche Kammer,,,,1#F,,,,,,
ZG_VG_004,11,ZG_Verwaltungsgericht,,ab,Publikationsdatum,tt.mm.jjjj,,,Verwaltungsgericht,,,Vergabekammer,,,,1#V,,,,,,
ZG_VG_999,12,ZG_Verwaltungsgericht,,ab,Publikationsdatum,tt.mm.jjjj,,,Verwaltungsgericht,,,sonstige Kammern,,,,,,,,,,
ZG_OG_001,13,ZG_Obergericht,,ab,Publikationsdatum,tt.mm.jjjj,,,Obergericht,,,Zivilabteilung,,,,,,,,,ZG 161.1,
ZG_OG_002,14,ZG_Obergericht,,ab,Publikationsdatum,tt.mm.jjjj,,,Obergericht,,,Strafabteilung,,,,,,,,,ZG 161.1,
ZG_OG_003,15,ZG_Obergericht,,ab,Publikationsdatum,tt.mm.jjjj,,,Obergericht,,,Beschwerdeabteilung,,,,,,,,,ZG 161.1,
ZG_OG_004,16,ZG_Obergericht,,ab,Publikationsdatum,tt.mm.jjjj,,,Obergericht,,,Justizverwaltungsabteilung,,,,,,,,,ZG 161.1,
ZG_OG_999,17,ZG_Obergericht,,ab,Publikationsdatum,tt.mm.jjjj,,,Obergericht,,,Sonstiges,,,,,,,,,,
ZG_KG_001,18,,,,,,,,Kantonsgericht,,,,,,,,,,,,ZG 161.1,
ZG_SG_001,19,,,,,,,,Strafgericht,,,,,,,,,,,,ZG 161.1,
ZG_ZMG_001,20,,,,,,,,Zwangsmassnahmengericht,,,,,,,,,,,,ZG 161.1,
ZG_JUG_001,21,,,,,,,,Jugendgericht,,,,,,,,,,,,ZG 161.1,
ZG_SA_001,22,,,,,,,,Staatsanwaltschaft,,,,,,,,,,,,ZG 161.1,
ZG_AK_001,23,,,,,,,,Aufsichtskommission über die Rechtsanwälte,,,,,,,,,,,,ZG 163.1,
ZG_RR_001,24,,,,,,,,Regierungsrat,,,,,,,,,,,,ZG 162.1,
ZG_VB_001,25,,,,,,,,Verwaltungsbehörden,,,,,,,,,,,,ZG 162.1,
ZG_VB_001,26,,,,,,https://www.zg.ch/behoerden/staatskanzlei/kanzlei/gvp,GVP-Entscheide,Gerichts- und Verwaltungspraxis,,,,,,,,,,,,ZG 162.1,
ZG_UPL_001,98,XX_Upload,,,,,,Upload,Upload,,,,,,,,,,,,,
ZG_XX_001,99,,,,,,https://www.zg.ch/behoerden/baudirektion/direktionssekretariat/urteile-und-entscheide-in-sachen-planungs-und-baurecht,Urteile und Entscheide in Sachen Planungs- und Baurecht,Sonstiges,,,,,,,,,,,,,
ZH_BK_001,1,,,,,,https://www.gerichte-zh.ch/entscheide/entscheide-suchen.html,Zivil- und Strafrechtspflege,Bezirksgerichte,,,Bezirksgerichte Zivilsachen,,,,,"Für Zivil- und Strafverfahren bestehen in jedem Bezirk ein Bezirksgericht mit Arbeits-, Miet- und Jugend-gericht",,,,ZH 211.1,
ZH_BK_002,2,,,,,,https://www.gerichte-zh.ch/entscheide/entscheide-suchen.html,Zivil- und Strafrechtspflege,Bezirksgerichte,,,Bezirksgerichte Strafsachen,,,,,"Für Zivil- und Strafverfahren bestehen in jedem Bezirk ein Bezirksgericht mit Arbeits-, Miet- und Jugend-gericht",,,,ZH 211.1,
ZH_BK_003,3,,,,,,https://www.gerichte-zh.ch/entscheide/entscheide-suchen.html,Zivil- und Strafrechtspflege,Bezirksgerichte,,,Arbeitsgerichte,,,,,"Für Zivil- und Strafverfahren bestehen in jedem Bezirk ein Bezirksgericht mit Arbeits-, Miet- und Jugend-gericht",,,,ZH 211.1,
ZH_BK_004,4,ZH_Obergericht,,ab,Entscheiddatum,TT.MM.JJJJ,https://www.gerichte-zh.ch/entscheide/entscheide-suchen.html,Zivil- und Strafrechtspflege,Bezirksgerichte,,,Mietgericht,,,Mietgericht,,"Für Zivil- und Strafverfahren bestehen in jedem Bezirk ein Bezirksgericht mit Arbeits-, Miet- und Jugend-gericht",,,,ZH 211.1,
ZH_BK_005,5,,,,,,https://www.gerichte-zh.ch/entscheide/entscheide-suchen.html,Zivil- und Strafrechtspflege,Bezirksgerichte,,,Jugendgerichte,,,,,"Für Zivil- und Strafverfahren bestehen in jedem Bezirk ein Bezirksgericht mit Arbeits-, Miet- und Jugend-gericht",,,,ZH 211.1,
ZH_BK_999,6,,,,,,https://www.gerichte-zh.ch/entscheide/entscheide-suchen.html,Zivil- und Strafrechtspflege,Bezirksgerichte,,,Weitere Bezirksgerichte,,,,,,,,,ZH 211.1,
ZH_OG_001,7,ZH_Obergericht,,ab,Entscheiddatum,TT.MM.JJJJ,https://www.gerichte-zh.ch/entscheide/entscheide-suchen.html,Zivil- und Strafrechtspflege,Obergericht,,,Zivilkammern,,,Zivilkammer,,,,,,ZH 211.1,
ZH_OG_002,8,ZH_Obergericht,,ab,Entscheiddatum,TT.MM.JJJJ,https://www.gerichte-zh.ch/entscheide/entscheide-suchen.html,Zivil- und Strafrechtspflege,Obergericht,,,Strafkammern,,,Strafkammer,,,,,,ZH 211.1,
ZH_OG_003,9,ZH_Obergericht,,ab,Entscheiddatum,TT.MM.JJJJ,https://www.gerichte-zh.ch/entscheide/entscheide-suchen.html,Zivil- und Strafrechtspflege,Obergericht,,,Zwangsmassnahmengericht,,,,,,,,,ZH 211.1,
ZH_OG_004,9,ZH_Obergericht,,ab,Entscheiddatum,TT.MM.JJJJ,https://www.gerichte-zh.ch/entscheide/entscheide-suchen.html,Zivil- und Strafrechtspflege,Obergericht,,,Verwaltungskommission,,,,,,,,,ZH 211.1,
ZH_OG_005,9,ZH_Obergericht,,ab,Entscheiddatum,TT.MM.JJJJ,https://www.gerichte-zh.ch/entscheide/entscheide-suchen.html,Zivil- und Strafrechtspflege,Obergericht,,,Aufsichtskommission über die Anwältinnen und Anwälte,,,,,,,,,ZH 211.1,
ZH_KSG_001,10,ZH_Obergericht,,ab,Entscheiddatum,TT.MM.JJJJ,https://www.gerichte-zh.ch/entscheide/entscheide-suchen.html,Zivil- und Strafrechtspflege,Kassationsgericht,,,,,,,,,,,,ZH 211.1,
ZH_OG_999,11,ZH_Obergericht,,ab,Entscheiddatum,TT.MM.JJJJ,https://www.gerichte-zh.ch/entscheide/entscheide-suchen.html,Zivil- und Strafrechtspflege,Obergericht,,,Weitere Kammern,,,,,,,,,ZH 211.1,
ZH_HG_001,12,ZH_Obergericht,,ab,Entscheiddatum,TT.MM.JJJJ,https://www.gerichte-zh.ch/entscheide/entscheide-suchen.html,Zivil- und Strafrechtspflege,Handelsgericht,,,,,,,,,,,,ZH 211.1,
ZH_SOBE_001,13,ZH_Obergericht,,ab,Entscheiddatum,TT.MM.JJJJ,https://www.gerichte-zh.ch/entscheide/entscheide-suchen.html,Zivil- und Strafrechtspflege,Andere Behörden und Gerichte,,,,,,,,,,,,ZH 211.1,
ZH_SBGG_001,14,,,,,,,,Paritätische Schlichtungsbehörde für Streitigkeiten nach dem Gleichstellungsgesetz,,,,,,,,,,,,ZH 211.1,
ZH_SBMP_001,15,,,,,,,,Paritätische Schlichtungsbehörden in Miet- und Pacht-sachen,,,,,,,,,,,,ZH 211.1,
ZH_FR_001,16,,,,,,,,Friedensrichter,,,,,,,,,,,,ZH 211.1,
ZH_STA_001,17,,,,,,,,Staatsanwaltschaften,,,Oberstaatsanwaltschaft,,,,,,,,,ZH 211.1,
ZH_STA_002,18,,,,,,,,Staatsanwaltschaften,,,Staatsanwaltschaft,,,,,,,,,ZH 211.1,
ZH_STA_003,19,,,,,,,,Staatsanwaltschaften,,,Oberjugendanwaltschaft,,,,,,,,,ZH 211.1,
ZH_STA_004,20,,,,,,,,Staatsanwaltschaften,,,Jugendanwaltschaften,,,,,,,,,ZH 211.1,
ZH_STA_999,21,,,,,,,,Staatsanwaltschaften,,,Sonstiges,,,,,,,,,ZH 211.1,
ZH_VG_001,22,ZH_Verwaltungsgericht,,ab,Anhängigkeitsjahr,JJJJ,https://www.zh.ch/de/politik-staat/streitigkeiten-vor-verwaltungsgericht/rechtsprechung-des-verwaltungsgerichts.html,Verwaltungsgericht,Verwaltungsgericht,,,,,,,,,,,,ZH 175.2,
ZH_SRK_001,23,ZH_Steuerrekurs,,ab,Entscheiddatum,TT.MM.JJJJ,https://www.strgzh.ch/entscheide/datenbank/volltextsuche,Steuerrekursgericht,Steuerrekursgericht,,,,,,,,,,,https://www.strgzh.ch/assets/assets/publikationslisteaktuell-1601029232.pdf,ZH 161,
ZH_BRK_001,24,ZH_Baurekurs,,ab,Entscheiddatum,TT.MM.JJJJ,https://www.baurekursgericht-zh.ch/rechtsprechung/rechtsprechung/,Baurekursgericht,Baurekursgericht,,,,,,,,,,,,ZH 161,
ZH_AK_001,25,,,,,,,,Aufsichtskommission (Anwälte),,,,,,,,,,,,ZH 215.1,
ZH_SK_001,26,,,,,,,,Schätzungskommissionen,,,,,,,,,,,,ZH 781,
ZH_VB_001,27,,,,,,https://www.zh.ch/de/politik-staat/gesetze-beschluesse/rekursentscheide.html,Kantonale Verwaltung (ZHEntscheide),Verwaltungsbehörden,,,,,,,,,,,,ZH 175.2,
ZH_RR_001,28,,,,,,,,Regierungsrat,,,,,,,,,,,,ZH 175.2,
ZH_SVG_001,29,ZH_Sozialversicherungsgericht,,ab,Anhängigkeitsjahr,JJJJMMTT,https://chid003d.ideso.ch/c050018/svg/findexweb.nsf/suche.xsp,Sozialversicherungsgericht,Sozialversicherungsgericht,,,,,,,,,,,,ZH 212.81,
ZH_KG_001,30,,,,,,https://www.gerichte-zh.ch/entscheide/entscheide-suchen.html,Zivil- und Strafrechtspflege,Kassationsgericht,,,,,,,,,,,,,Aktiv bis (30.06.2012)
ZH_UPL_001,98,XX_Upload,,,,,,Upload,Upload,,,,,,,,,,,,,
ZH_XX_001,99,,,,,,,,Sonstiges,,,,,,,,,,,,,
FL_STGH_001,1,,,,,,https://www.gerichtsentscheidungen.li/default.aspx?z=d1-yNzVFfAVa7pp01rCL0Q2,Gerichtsentscheidungen,Staatsgerichtshof,,,,,,,,,,,,,
FL_LG_001,2,,,,,,,,Fürstliche Landegericht,,,,,,,,erste Instanz,,,,FL 173.3,
FL_OG_001,3,,,,,,https://www.gerichtsentscheidungen.li/default.aspx?z=d1-yNzVFfAVa7pp01rCL0Q4,Gerichtsentscheidungen,Fürstliche Obergericht,,,,,,,,zewite Instanz,,,,FL 173.3,
FL_OGH_001,4,,,,,,https://www.gerichtsentscheidungen.li/default.aspx?z=d1-yNzVFfAVa7pp01rCL0Q5,Gerichtsentscheidungen,Fürstliche Oberste Gerichtshof,,,,,,,,dritte Instanz,,,,FL 173.3,
FL_VGH_001,5,,,,,,https://www.gerichtsentscheidungen.li/default.aspx?z=d1-yNzVFfAVa7pp01rCL0Q5,Gerichtsentscheidungen,Verwaltungsgerichtshof,,,,,,,,,,,,,
FL_PR_001,99,,,,,,,,Sonstiges,,,,,,,,,,,,,
TA_SST_001,1,TA_SST,,,,,https://www.sportstribunal.ch/rechsprechung,Öffentliche Entscheide und Schiedssprüche,Schweizer Sportgericht,Tribunal du sport suisse,Tribunale dello sport svizzero,,,,,,,,,,,
SST_XX,99,,,,,,,,nicht zugeordnet,non attribué,non assegnato,,,,,,,,,,,